model_name,model_instance,model_hparams,model_metrics,model_pred
RandomForestRegressor,"RandomForestRegressor(bootstrap=True, criterion='mse', max_depth=None,
                      max_features=2, max_leaf_nodes=None,
                      min_impurity_decrease=0.0, min_impurity_split=None,
                      min_samples_leaf=1, min_samples_split=5,
                      min_weight_fraction_leaf=0.0, n_estimators=114,
                      n_jobs=None, oob_score=False, random_state=None,
                      verbose=0, warm_start=False)","{'max_features': 2, 'min_samples_split': 5, 'n_estimators': 114}",0.010059228179909783,"[0.18082689 0.2249455  0.24350726 0.24600064 0.23249385 0.2307392
 0.20504822 0.18225222 0.14521718 0.16003139 0.089977   0.06970598
 0.06506304 0.04831511 0.03397227 0.02351952 0.01931161 0.0233866
 0.01924407 0.03159155 0.04283918 0.06958128 0.10518748 0.13726917
 0.17672441 0.22572458 0.26980496 0.27237899 0.26553379 0.19043311
 0.1698171  0.16380097 0.14198782 0.07398848 0.05427379 0.04041145
 0.05762802 0.02002837 0.01729316 0.01344866 0.01759235 0.01459274
 0.0188287  0.02628446 0.06507002 0.04778003 0.09300084 0.1172097
 0.18900144 0.21943018 0.19776462 0.21412265 0.20973885 0.16011158
 0.16802371 0.12015879 0.10747316 0.1078463  0.1129383  0.07877363
 0.08522539 0.04069761 0.04522615 0.04492538 0.02012525 0.0182796
 0.01770126 0.01694875 0.0131067  0.0138638  0.01648539 0.02306927
 0.03979128 0.0721453  0.07495491 0.13861501 0.14399527 0.16984397
 0.18287874 0.16243796 0.16529853 0.14332059 0.1012718  0.08213624
 0.09903646 0.08837014 0.05637269 0.06679977 0.04813656 0.04437068
 0.02216671 0.01784836 0.01947285 0.02149451 0.0185771  0.01597914
 0.0137322  0.01975864 0.02978675 0.033304   0.04631918 0.04479929
 0.04948589 0.06237417 0.06300354 0.09862068 0.15438683 0.15733478
 0.1933483  0.19049265 0.18130694 0.16787528 0.16869514 0.12737986
 0.10389744 0.12347365 0.09575979 0.07502364 0.03679378 0.0246146
 0.01324084 0.02065507 0.00938826 0.00758239 0.01753528 0.03564131
 0.03042602 0.05723263 0.15030188 0.19639521 0.21677048 0.2067739
 0.25153634 0.26228649 0.27558167 0.23866241 0.24412528 0.24367659
 0.15548304 0.13614921 0.08869077 0.1175192  0.09945532 0.03386408
 0.04301252 0.03297017 0.02832942 0.03798794 0.00847892 0.00674505
 0.00849477 0.02328115 0.0629641  0.08559066 0.12774016 0.21251477
 0.25952642 0.26096192 0.29044105 0.26222094 0.24592599 0.19201596
 0.14300064 0.12717915 0.13679075 0.12643213 0.09736497 0.0735624
 0.08196572 0.05720654 0.03605333 0.02497007 0.01627753 0.01498529
 0.02509088 0.02819328 0.04361442 0.0699583  0.07526929 0.07574085
 0.13647287 0.1841306  0.18625107 0.1709478  0.19695595 0.17131941
 0.11816889 0.13547666 0.11368245 0.0689422  0.05571283 0.04841391
 0.04945815 0.04523907 0.02195934 0.0147864  0.01038792 0.00824559
 0.01346372 0.03819545 0.06421886 0.08301218 0.13517914 0.15222957
 0.17428928 0.20191547 0.22388023 0.16978561 0.18603521 0.17062412
 0.15270454 0.12529096 0.14089766 0.11706898 0.04701833 0.05316804
 0.05791843 0.01202475 0.01087552 0.00692074 0.00553072 0.00719561
 0.01571996 0.02882086 0.06430332 0.0804608  0.10272228 0.13612648
 0.1588075  0.20055496 0.17630301 0.16771193 0.16691431 0.16869347
 0.15578155 0.14231443 0.13823279 0.14238902 0.1341366  0.07046008
 0.0705651  0.04501716 0.02561563 0.01040043 0.01040931 0.01830163
 0.01810066 0.0380267  0.03414695 0.06372978 0.10507184 0.11867467
 0.15794198 0.17625691 0.26150425 0.25858119 0.19761336 0.21236421
 0.15043386 0.1420654  0.1069883  0.0855317  0.06535248 0.07612612
 0.06272083 0.04174939 0.02680698 0.02759491 0.02149276 0.01838001
 0.01678061 0.01763331 0.0356713  0.05885006 0.0902228  0.07326849
 0.10180464 0.12884809 0.15896503 0.15617464 0.16921351 0.15927308
 0.14808944 0.13492345 0.11933201 0.11233199 0.07481812 0.06410535
 0.05836939 0.03465727 0.03309573 0.01092923 0.01877616 0.02585514
 0.01195622 0.01640759 0.06320061 0.06510613 0.09074841 0.10620726
 0.14574288 0.23745595 0.29255357 0.2662912  0.271281   0.25198928
 0.25271625 0.22586736 0.19415797 0.15624369 0.15113648 0.15399916
 0.12877764 0.09166091 0.06098693 0.03187062 0.01476129 0.01684578
 0.00657283 0.00620769 0.01156553 0.01936304 0.04334395 0.05974078
 0.12463978 0.19401611 0.26945784 0.26188247 0.29231076 0.28552442
 0.25344018 0.24523182 0.1961659  0.20332482 0.1459341  0.13577828
 0.11197051 0.11250808 0.08448152 0.05121546 0.03459473 0.01383901
 0.01837839 0.01535899 0.01789981 0.02695741 0.02768593 0.07829464
 0.13076144 0.13972267 0.20857084 0.21576699 0.2172171  0.20548051
 0.21273359 0.18129278 0.13767516 0.14612287 0.14710502 0.08503916
 0.04338311 0.03912205 0.02394453 0.0139825  0.0275795  0.00971855
 0.00814485 0.00899623 0.0517289  0.04736796 0.08309555 0.07576914
 0.13745579 0.15939367 0.21294451 0.21214953 0.2107945  0.18802293
 0.1768495  0.15883031 0.15091459 0.11854106 0.07387479 0.05511281
 0.05671565 0.03023627 0.0176726  0.01721504 0.01521752 0.00958247
 0.01511426 0.01418902 0.03813739 0.04251079 0.06352843 0.10452872
 0.13316342 0.19446597 0.21409477 0.18034685 0.18758521 0.17508911
 0.19646913 0.18086411 0.16386879 0.14313491 0.11558434 0.10738802
 0.11339256 0.12453789 0.12202405 0.0433469  0.04151828 0.05567311
 0.05184687 0.02675421 0.02448316 0.02047485 0.01921756 0.01901826
 0.01512584 0.01733708 0.02007746 0.01699425 0.02865755 0.06480791
 0.04748469 0.08797951 0.11867078 0.15195757 0.16255263 0.17516814
 0.17534758 0.23850464 0.19144482 0.18882351 0.1930665  0.12557737
 0.1109866  0.11232751 0.09403755 0.05256755 0.02229229 0.01803505
 0.04133013 0.01096089 0.00996746 0.0126309  0.03841865 0.04336261
 0.06443368 0.09697808 0.12541111 0.16790631 0.20955788 0.19982481
 0.21344173 0.22332145 0.22475756 0.17799021 0.18243024 0.14420609
 0.10651814 0.10840822 0.08808909 0.0426449  0.02186691 0.02351123
 0.02311158 0.01862275 0.0152127  0.01931113 0.03808845 0.02861817
 0.0638367  0.10322634 0.16250744 0.20373856 0.25478148 0.26446091
 0.26980604 0.28692801 0.22995151 0.23652199 0.217389   0.24475514
 0.15460795 0.10907116 0.10343955 0.09992454 0.02620954 0.01935719
 0.01842268 0.02605698 0.01716545 0.02123251 0.03408333 0.02845396
 0.04298507 0.15209391 0.16190904 0.1770015  0.23282888 0.25281322
 0.25312342 0.24419805 0.24514388 0.25531118 0.20701235 0.16346695
 0.1583794  0.09730534 0.10166563 0.06645724 0.05414663 0.02739572
 0.03304037 0.01754654 0.01790075 0.02264114 0.02672946 0.05152112
 0.04730109 0.06332791 0.08894128 0.12710617 0.19529245 0.20816191
 0.20446703 0.18240306 0.20878091 0.16741208 0.11979197 0.110901
 0.09495358 0.09362619 0.05003627 0.04971836 0.02530151 0.0204451
 0.01654309 0.02038973 0.01580908 0.02088152 0.03623395 0.03287979
 0.06048529 0.06703438 0.12240927 0.16699029 0.20373519 0.20027563
 0.19885473 0.20797276 0.19052538 0.19013089 0.10775437 0.11689136
 0.06802804 0.07164695 0.05056364 0.05545228 0.01995856 0.01793267
 0.01517636 0.01796276 0.01540827 0.01511944 0.01165787 0.01463331
 0.02456346 0.03909515 0.04969466 0.09080124 0.11395602 0.17821174
 0.27646944 0.25479286 0.20961599 0.22072113 0.19776845 0.17086166
 0.15136407 0.11912141 0.13038095 0.13236432 0.05803825 0.05065933
 0.02224915 0.01641729 0.02200404 0.02352375 0.01389431 0.01368094
 0.03479463 0.03978231 0.06952574 0.08944713 0.12429916 0.19374666
 0.20900969 0.22531158 0.25296075 0.22438534 0.22558978 0.15430917
 0.11484616 0.14558044 0.12771199 0.09759434 0.07875963 0.05122352
 0.0237513  0.02697712 0.01199956 0.01241134 0.01243604 0.01050921
 0.03275995 0.06335631 0.07138109 0.08615575 0.09858001 0.17746745
 0.19544754 0.19105624 0.26332422 0.26794075 0.1974217  0.15954964
 0.11254261 0.13971505 0.10288722 0.10319722 0.0774731  0.05869656
 0.02956504 0.03927378 0.00949435 0.01201516 0.00747697 0.0087722
 0.01744713 0.03326715 0.06024195 0.06116086 0.15175678 0.20751896
 0.289156   0.29310423 0.3034723  0.30917648 0.25984126 0.2602651
 0.24067625 0.21953682 0.1714958  0.09469976 0.08678899 0.06802417
 0.02141936 0.02327654 0.01944884 0.0477047  0.01547641 0.01646392
 0.01768855 0.03052827 0.03811628 0.04690224 0.12405252 0.23684002
 0.29248597 0.26899546 0.28376153 0.25390741 0.24700491 0.22490638
 0.18304432 0.21625302 0.10747204 0.10236082 0.09455266 0.0798297
 0.0561464  0.03447323 0.01746881 0.01523055 0.03233945 0.0158728
 0.01467301 0.01783916 0.02873276 0.04960992 0.0511088  0.06947843
 0.13935172 0.14868715 0.15504355 0.15053191 0.1528647  0.1525404
 0.15288172 0.11449296 0.09534311 0.0715185  0.05884711 0.03927378
 0.03597077]"
BayesianRidge,"BayesianRidge(alpha_1=6.162932238543231e-06, alpha_2=0.0001448955846569064,
              compute_score=False, copy_X=True, fit_intercept=True,
              lambda_1=0.0003341966676357318, lambda_2=3.877956176538675e-06,
              n_iter=300, normalize=False, tol=0.001, verbose=False)","{'alpha_1': 6.162932238543231e-06, 'alpha_2': 0.0001448955846569064, 'lambda_1': 0.0003341966676357318, 'lambda_2': 3.877956176538675e-06}",0.010266990450625573,"[0.16359454 0.20552348 0.35228093 0.31477938 0.3143207  0.28150116
 0.21817222 0.19402063 0.12389512 0.14226651 0.11376885 0.09080446
 0.07388989 0.03509634 0.04215926 0.02364092 0.02179885 0.02393951
 0.02899861 0.03819941 0.03700689 0.05717348 0.10820138 0.23198237
 0.54663336 0.6773313  0.66504336 0.54059899 0.35940077 0.22563787
 0.1923431  0.22264302 0.13113935 0.08913476 0.06227704 0.05823771
 0.06620347 0.0248167  0.0224877  0.01891094 0.02216529 0.024588
 0.04127174 0.05042608 0.08158648 0.06733434 0.09538855 0.1105776
 0.19404243 0.21610024 0.19640344 0.23609214 0.22411277 0.16111711
 0.16594494 0.10855673 0.10240816 0.10723599 0.10651468 0.12453589
 0.09746905 0.07636129 0.07759025 0.07276242 0.03664414 0.04119746
 0.04116727 0.04704351 0.04285252 0.03802469 0.04479376 0.06232946
 0.07500396 0.06716022 0.10677844 0.16662401 0.1675022  0.17964428
 0.21502812 0.15995404 0.16240902 0.12859799 0.10093651 0.09174977
 0.10238548 0.09690773 0.0855491  0.10145368 0.07937549 0.08420332
 0.0419276  0.03877623 0.04360406 0.04316733 0.04790391 0.04006797
 0.0448958  0.04638969 0.0616858  0.05855368 0.07515197 0.07201984
 0.0712771  0.07509438 0.07822651 0.09723156 0.16612713 0.19256031
 0.21693429 0.35336661 0.19729227 0.16274005 0.15813052 0.12713201
 0.128247   0.14446149 0.10527378 0.09517286 0.08011743 0.03775017
 0.04057024 0.04004228 0.04158417 0.04336087 0.06214228 0.12499542
 0.08219923 0.08582589 0.28415166 0.26763407 0.16922109 0.18891213
 0.19446115 0.1930191  0.19810397 0.18818502 0.3592398  0.34225916
 0.13225237 0.11530517 0.10886456 0.13599672 0.11938659 0.03312168
 0.02698062 0.04385213 0.0141949  0.01573381 0.02010956 0.02086734
 0.02712448 0.04218718 0.04757542 0.09722508 0.10774536 0.21728981
 0.34942311 0.30093111 0.33048092 0.28017861 0.26951868 0.19865056
 0.12835727 0.13216711 0.12816016 0.10742809 0.11701395 0.0870584
 0.06256766 0.05421379 0.03402009 0.03982551 0.03321653 0.03801115
 0.03497053 0.03711119 0.05797304 0.08408884 0.07047971 0.06251975
 0.11332079 0.19001047 0.255483   0.18313476 0.18016492 0.15111699
 0.13758282 0.10929361 0.09304687 0.07363115 0.06920023 0.06792911
 0.06137805 0.03923567 0.02835918 0.02090878 0.02537062 0.02660074
 0.03327887 0.04998042 0.07188957 0.10364879 0.14983601 0.21164383
 0.19478949 0.22053757 0.23105305 0.17180361 0.24894354 0.13848448
 0.17840983 0.1197036  0.1612834  0.11611014 0.07258357 0.07991152
 0.0914732  0.0295462  0.03126164 0.03082287 0.03114027 0.03449806
 0.03945171 0.06065802 0.07055538 0.09041963 0.10023613 0.15485023
 0.20710027 0.22702672 0.21149659 0.20174626 0.17213693 0.2187235
 0.14254538 0.13245889 0.13717306 0.12749644 0.12458705 0.07873078
 0.07434361 0.04228292 0.03636216 0.03415402 0.03527755 0.03362781
 0.03726707 0.06855495 0.06034511 0.07826588 0.11155328 0.12833027
 0.2927324  0.21567506 0.36139258 0.34324083 0.20252797 0.24125807
 0.13717005 0.14558117 0.11901399 0.09957067 0.08862728 0.11565883
 0.12558173 0.08386778 0.08317    0.05068903 0.04565808 0.04355854
 0.04962553 0.04618482 0.06390726 0.08085946 0.11233083 0.09507191
 0.12693793 0.11401001 0.13203509 0.14521959 0.1801663  0.19594748
 0.17406603 0.14707197 0.12388689 0.11704706 0.1079739  0.09724876
 0.09866559 0.08365887 0.04870732 0.04648049 0.05353739 0.05303263
 0.05198426 0.05785777 0.09117201 0.09480946 0.10024013 0.10537047
 0.14202866 0.23905067 0.22147989 0.20072286 0.18593624 0.25780432
 0.20314391 0.21729116 0.1784322  0.1509993  0.15253374 0.16928838
 0.13674391 0.11151701 0.049125   0.01488233 0.01936663 0.01707973
 0.01922963 0.02633721 0.03336717 0.03136612 0.04915768 0.07094839
 0.13483581 0.28148039 0.33479432 0.45093654 0.40735503 0.33634774
 0.30598398 0.22768747 0.188488   0.14849453 0.13467507 0.11459847
 0.10702755 0.09521007 0.06572818 0.03215792 0.03854171 0.02548726
 0.02203479 0.02401818 0.02713165 0.03525734 0.03957842 0.09392954
 0.09032704 0.15209278 0.28009843 0.25859132 0.27754677 0.27130562
 0.24144167 0.19062541 0.1031697  0.13387393 0.10351573 0.07233092
 0.06955874 0.06173263 0.02107348 0.01338034 0.01706477 0.01945434
 0.02015086 0.02326433 0.04438512 0.05111913 0.07123186 0.07325476
 0.11676235 0.16032195 0.25917759 0.24429603 0.29269122 0.2323714
 0.20022446 0.16864294 0.12165131 0.12427463 0.09184358 0.08336079
 0.06777606 0.05973439 0.02994524 0.0282238  0.03031244 0.02870116
 0.0324247  0.04045542 0.06089339 0.0664313  0.08226967 0.09473618
 0.12103042 0.21091404 0.25393092 0.29318    0.28835217 0.22010363
 0.24778673 0.20557523 0.16569811 0.12799451 0.1149013  0.10704311
 0.11187094 0.11360618 0.11843401 0.07227098 0.07709881 0.0737198
 0.07854763 0.03430967 0.0391375  0.03282298 0.03519159 0.03424576
 0.03907359 0.04277898 0.04208354 0.04691137 0.05758627 0.07095027
 0.06716125 0.08355992 0.09715925 0.14852681 0.27802543 0.32966782
 0.31201297 0.28460833 0.18925111 0.17177756 0.2078421  0.1410884
 0.11776585 0.14527879 0.11322279 0.08783756 0.04706373 0.04031601
 0.04105156 0.04506065 0.04460524 0.05025887 0.07660048 0.07433961
 0.08699136 0.10037563 0.11385251 0.16979633 0.35283822 0.36602511
 0.2812325  0.3804182  0.23119193 0.22288983 0.19325482 0.17528465
 0.13449431 0.12288928 0.11245449 0.08716319 0.04061166 0.03585673
 0.03908535 0.04146624 0.04359054 0.04921114 0.07528693 0.06716188
 0.09215923 0.10482775 0.17859344 0.36093209 0.36691511 0.32138855
 0.31785225 0.34804077 0.20292236 0.20396772 0.18743563 0.25756763
 0.12428519 0.12011585 0.11668745 0.12160995 0.02083429 0.02204274
 0.01944379 0.02062327 0.02644591 0.02424245 0.04899585 0.03602714
 0.05451063 0.1604894  0.13744674 0.19801475 0.32947285 0.32068092
 0.43991503 0.30624756 0.27264888 0.2560633  0.17147848 0.12594413
 0.12952213 0.0961054  0.11808814 0.08605303 0.0389206  0.03773439
 0.03350023 0.02648181 0.02734287 0.0326531  0.0375122  0.05178939
 0.05227193 0.07538825 0.09355064 0.12804852 0.29986002 0.34072423
 0.30705667 0.23604706 0.28809812 0.20873552 0.12044089 0.12621921
 0.09555383 0.11812746 0.081518   0.06475297 0.03661996 0.03452041
 0.03068275 0.03769613 0.03411363 0.05008878 0.05066469 0.05476036
 0.06046298 0.07536099 0.09865252 0.16829563 0.23412924 0.29950154
 0.2293719  0.24562009 0.17406977 0.14062093 0.10839876 0.11399262
 0.08746403 0.09058845 0.07617314 0.07660057 0.03526789 0.03665556
 0.03758593 0.0327581  0.04482458 0.03999675 0.04205959 0.04667209
 0.05980947 0.06066255 0.05171074 0.09146887 0.08882365 0.13261857
 0.38261771 0.30802177 0.24202284 0.24098922 0.22477721 0.16551331
 0.14917633 0.13596761 0.12581805 0.13020282 0.0866277  0.0778596
 0.0360526  0.03805538 0.03884695 0.04027506 0.04025686 0.04225963
 0.05390878 0.06175506 0.08517982 0.11567474 0.1278947  0.18321856
 0.22451533 0.30864983 0.27895096 0.2288152  0.22365145 0.13859752
 0.11848091 0.14438243 0.12431889 0.10899809 0.09223525 0.08370558
 0.04844449 0.05273964 0.04130493 0.04984905 0.04897602 0.05251852
 0.07022181 0.09517019 0.09457069 0.11245404 0.12327427 0.17544186
 0.22011132 0.22530891 0.38776774 0.39253341 0.27614651 0.1993797
 0.12954992 0.17312805 0.10494204 0.10858978 0.10069694 0.08808376
 0.0426799  0.03818812 0.03797005 0.04577282 0.04671544 0.05410973
 0.06515429 0.08179792 0.09631203 0.10291821 0.14448647 0.24561252
 0.29303262 0.25688979 0.33039169 0.30005236 0.25061263 0.24648632
 0.24790136 0.18098412 0.14084974 0.10994643 0.10359895 0.0958122
 0.01982411 0.02053101 0.03320745 0.06767061 0.02123901 0.02624184
 0.02994723 0.03550066 0.04341177 0.0569972  0.10009779 0.26582236
 0.32456663 0.35601854 0.36084637 0.41060293 0.28322102 0.21361077
 0.13132458 0.16536446 0.10412248 0.10330204 0.09434302 0.08382832
 0.06688074 0.03511592 0.02389896 0.02591642 0.03233101 0.02874222
 0.03037803 0.0350934  0.04549224 0.05689787 0.05868224 0.0892031
 0.15300271 0.36589692 0.28518298 0.33628478 0.19601628 0.19715571
 0.15572526 0.09443079 0.09280835 0.07647387 0.07256197 0.05183373
 0.05316082]"
LinearRegression,"LinearRegression(copy_X=True, fit_intercept=True, n_jobs=None, normalize=False)",{},0.01070482505179946,"[0.16307956 0.20675902 0.36116715 0.32142924 0.32315269 0.28470136
 0.21914687 0.19715718 0.12368473 0.14618712 0.11852987 0.09045682
 0.07544314 0.03410398 0.04229    0.02275997 0.02106977 0.0232855
 0.02813153 0.03738809 0.03585279 0.05617635 0.11863718 0.27416375
 0.64287338 0.79387571 0.76147687 0.60617247 0.36730913 0.23091616
 0.19499746 0.22152444 0.13189512 0.09239066 0.06213771 0.05747491
 0.06550505 0.02405509 0.02182788 0.0181772  0.02153811 0.02371046
 0.04055842 0.04950417 0.08016068 0.06603823 0.09620079 0.11042014
 0.19481306 0.21562536 0.19540204 0.23687605 0.22307834 0.16300638
 0.16780903 0.11039222 0.10427177 0.10907441 0.10741905 0.12561012
 0.09868405 0.07546401 0.07664466 0.07184202 0.03582906 0.04030713
 0.04030048 0.04627268 0.04200644 0.03720379 0.04385799 0.06117819
 0.07361782 0.06612062 0.10501264 0.16862844 0.16880904 0.18431241
 0.21976126 0.15715952 0.16458065 0.13001002 0.10209357 0.09260354
 0.10300952 0.09674832 0.08452447 0.09995223 0.07950993 0.08431258
 0.04118568 0.03798992 0.04279257 0.04238649 0.04708082 0.03936342
 0.04416607 0.04540215 0.0610464  0.05787863 0.07428779 0.07112002
 0.07036483 0.07548139 0.07864916 0.09648737 0.16689398 0.19530608
 0.22430775 0.36458035 0.20447526 0.16672217 0.1649691  0.13223891
 0.13206299 0.14772716 0.10699782 0.09504712 0.08122682 0.03718597
 0.03973269 0.0393948  0.04079457 0.04253604 0.06128981 0.12656756
 0.08143547 0.08824169 0.29620848 0.28163977 0.16938309 0.19812863
 0.19742553 0.19509683 0.19755515 0.18942623 0.4118966  0.3952042
 0.1330001  0.11521981 0.11302205 0.14318948 0.12487666 0.03463289
 0.02822922 0.04273305 0.01440527 0.01605356 0.01945391 0.0202119
 0.02640356 0.04142813 0.04792142 0.097504   0.11117442 0.22299991
 0.35118406 0.30222401 0.32833714 0.28388182 0.27678427 0.2038858
 0.13088497 0.14018048 0.13194168 0.11360033 0.12352394 0.0913516
 0.07004608 0.05622976 0.03316395 0.03943395 0.03279585 0.03763914
 0.03441561 0.03663135 0.05780498 0.08594814 0.07050978 0.06253936
 0.11574361 0.19064247 0.25958389 0.18223595 0.17970396 0.15063229
 0.13939545 0.10772576 0.09278686 0.07294964 0.06844559 0.06717825
 0.06053755 0.03926246 0.02833837 0.02000282 0.02446027 0.02548672
 0.0322028  0.04833342 0.06985193 0.10142361 0.15669363 0.22342844
 0.20302282 0.23059788 0.23307749 0.16966246 0.25475278 0.13864995
 0.18595988 0.12246812 0.1602578  0.11834212 0.0709974  0.07938813
 0.08971844 0.02850091 0.03021353 0.02971921 0.03005195 0.03346237
 0.03839578 0.0597368  0.06899538 0.09196646 0.10080593 0.15479607
 0.21916427 0.22600842 0.21251649 0.20939102 0.17533926 0.22244856
 0.14090377 0.13122513 0.14022291 0.12794069 0.12516607 0.07785851
 0.07279198 0.04123392 0.03637704 0.03332957 0.03438488 0.03285727
 0.0363892  0.0676256  0.05920952 0.07668727 0.11346916 0.13190169
 0.2960925  0.21840132 0.36492344 0.34828971 0.20382962 0.24101932
 0.13966826 0.14845691 0.12127563 0.1008949  0.08849433 0.11674619
 0.12792407 0.08293755 0.08485945 0.04991244 0.04479941 0.04276879
 0.0497821  0.04517683 0.06306043 0.07962178 0.11306681 0.09643906
 0.13174218 0.11406061 0.13406213 0.14657101 0.18249851 0.20164455
 0.18032298 0.14557567 0.12336091 0.11962441 0.10969574 0.09727022
 0.09964197 0.08278302 0.04847164 0.04574414 0.05478345 0.05325288
 0.0520773  0.0579514  0.09118457 0.09494754 0.09968933 0.10757304
 0.14427729 0.24132913 0.22217939 0.20495372 0.18878873 0.25975856
 0.20729431 0.22525656 0.18459122 0.15407245 0.15624981 0.176388
 0.14144575 0.1099887  0.05321802 0.01409406 0.01884236 0.01739132
 0.0186002  0.02579809 0.03283226 0.03063747 0.04950619 0.07019491
 0.14072429 0.29651986 0.33884691 0.46112897 0.41296513 0.33947727
 0.31139849 0.22695361 0.19430506 0.15105393 0.13842572 0.11446662
 0.10855309 0.09474259 0.06684228 0.03304456 0.03789232 0.02492679
 0.02121416 0.02350041 0.02659292 0.03475058 0.03896141 0.09484769
 0.09058236 0.15437987 0.28402638 0.2622853  0.27789516 0.27436335
 0.24303837 0.19026282 0.10377489 0.13698799 0.10530432 0.0725407
 0.07090243 0.06306965 0.02104673 0.01247753 0.01710737 0.01841525
 0.01914439 0.02223689 0.04306657 0.0494393  0.06858522 0.07185329
 0.11564697 0.15926471 0.25873824 0.24201382 0.28975945 0.23062317
 0.19905868 0.16621514 0.11994153 0.12186399 0.0902696  0.08212355
 0.06641003 0.05858357 0.02883437 0.02817519 0.02935523 0.02767962
 0.03138736 0.03944708 0.05958325 0.06597404 0.0827382  0.09513414
 0.12154868 0.21051311 0.25403028 0.2971631  0.29236045 0.2215962
 0.25048161 0.20810327 0.1683956  0.12551056 0.11408329 0.10763765
 0.11244029 0.11256496 0.11736761 0.07125407 0.07605672 0.07246967
 0.07727232 0.03360986 0.0384125  0.0319524  0.03435118 0.03338253
 0.03818517 0.04193499 0.04120832 0.04601097 0.05656383 0.0696545
 0.06594279 0.08227948 0.09577497 0.14674438 0.27811108 0.33204873
 0.32135444 0.28555624 0.19256693 0.17173993 0.20941557 0.14504961
 0.11665611 0.14685081 0.11313225 0.08711536 0.04621605 0.03957254
 0.03981725 0.04421829 0.04370852 0.04929169 0.07561891 0.07301424
 0.08526073 0.09819611 0.11353084 0.16988396 0.35586589 0.36995915
 0.28789007 0.39266214 0.24116768 0.24175359 0.20487486 0.18801285
 0.14138538 0.12718828 0.11209904 0.08622448 0.03985956 0.0350848
 0.03831145 0.04073102 0.04281188 0.04834577 0.07435143 0.0661274
 0.09094995 0.10428791 0.18186739 0.36749732 0.37259647 0.32490818
 0.32374274 0.34837481 0.20304608 0.20401645 0.1906527  0.26184767
 0.12692292 0.12215308 0.11549918 0.12135678 0.02011797 0.02130965
 0.01867886 0.01992241 0.02573743 0.02352393 0.04776789 0.03629083
 0.05368359 0.16225128 0.13797325 0.20169885 0.34088253 0.32453818
 0.4534381  0.31008458 0.28192817 0.26623002 0.17146548 0.12733413
 0.12983193 0.09882269 0.12222123 0.08619035 0.04070869 0.03805055
 0.03377294 0.02588738 0.02666685 0.03203005 0.03684182 0.05415011
 0.05145258 0.07454738 0.09261827 0.12846742 0.30696344 0.34919492
 0.31263373 0.23671657 0.2924377  0.20650993 0.11861241 0.12502116
 0.0943306  0.11705422 0.08055485 0.06377116 0.03552599 0.03349537
 0.02964018 0.03661229 0.03306542 0.04893884 0.04965116 0.05344119
 0.05880591 0.07379209 0.09863431 0.17178627 0.23648296 0.30893674
 0.22843687 0.24987876 0.17420918 0.14288794 0.10738689 0.1128852
 0.08634023 0.08953403 0.07493953 0.07554727 0.03428277 0.03580979
 0.03674972 0.03194707 0.04393071 0.03912806 0.04119314 0.04582311
 0.05888506 0.05971387 0.05057422 0.09241716 0.08855653 0.1315912
 0.38298664 0.30898785 0.23909447 0.23961361 0.22405586 0.16554823
 0.14778791 0.13651907 0.12486215 0.13235539 0.08603836 0.07715831
 0.0354318  0.03738984 0.03819927 0.03966647 0.03940403 0.04136207
 0.05313571 0.06038843 0.08498401 0.1169567  0.12675126 0.18509884
 0.22718883 0.31440211 0.28240802 0.23007819 0.22403578 0.13868784
 0.11882767 0.14895959 0.1225145  0.11100455 0.09172252 0.08268925
 0.0479921  0.05229535 0.04061798 0.04913508 0.04828957 0.05159531
 0.06955623 0.09424092 0.09784174 0.11647961 0.12317634 0.17686549
 0.22070007 0.22656453 0.39198719 0.40307537 0.28142708 0.20583735
 0.1319826  0.17745785 0.10540439 0.10832375 0.10090285 0.09034912
 0.04227109 0.03710133 0.03731498 0.04519165 0.04606176 0.05325333
 0.06438186 0.08095094 0.09621393 0.10175537 0.14529482 0.24897941
 0.29531818 0.26097866 0.3409093  0.30299556 0.25641159 0.25519473
 0.24501256 0.18745376 0.14135415 0.10902278 0.10334622 0.09571291
 0.01927904 0.01990148 0.03252517 0.06612327 0.02074491 0.02570522
 0.02945503 0.03698911 0.04491468 0.05760133 0.10131988 0.26679816
 0.32615294 0.3595267  0.36432935 0.42180466 0.28816528 0.22364953
 0.13369466 0.16784987 0.10724513 0.10532259 0.09467814 0.08339527
 0.06758012 0.03698325 0.02351273 0.02560115 0.03295385 0.02834658
 0.02992385 0.03458709 0.04518928 0.05863728 0.05932632 0.08907481
 0.1562449  0.37826136 0.29690648 0.34809583 0.20575366 0.20535701
 0.16122415 0.09520977 0.09473485 0.07733007 0.07529053 0.05149711
 0.05262964]"
Lasso,"Lasso(alpha=0.0007282287766025039, copy_X=True, fit_intercept=True,
      max_iter=1000, normalize=False, positive=False, precompute=False,
      random_state=None, selection='cyclic', tol=0.0001, warm_start=False)",{'alpha': 0.0007282287766025039},0.012651378477491903,"[0.11277738 0.14856882 0.24470256 0.23379303 0.21986104 0.20738294
 0.17451791 0.14772488 0.11249791 0.11621934 0.09606526 0.09382364
 0.07863663 0.04288519 0.05069615 0.03687507 0.03746689 0.04063688
 0.04461677 0.05216177 0.05149668 0.06703145 0.07887946 0.09503726
 0.18533029 0.26620829 0.28245136 0.24632635 0.25565735 0.17983734
 0.15798211 0.19574418 0.12886822 0.08914216 0.07586384 0.07329976
 0.08028392 0.03597841 0.03422706 0.03369838 0.0354254  0.03782875
 0.04863328 0.06181743 0.08735731 0.07498321 0.09059824 0.10216757
 0.15950483 0.1900478  0.15171268 0.18396458 0.17159378 0.14752766
 0.14752766 0.09858235 0.09819006 0.09819006 0.09393076 0.08558429
 0.08850903 0.07712234 0.07569345 0.07569345 0.03604982 0.03608161
 0.03740226 0.04267384 0.04044993 0.04044993 0.04756766 0.05813866
 0.07346283 0.06766798 0.10135461 0.13668399 0.13159427 0.12691352
 0.14727034 0.13184396 0.13027819 0.09858154 0.08518453 0.07932495
 0.09110775 0.07996644 0.08040096 0.0929933  0.07582375 0.07582375
 0.03577375 0.03621191 0.03621191 0.04204033 0.03790052 0.03840844
 0.03840844 0.04957691 0.05436001 0.05436001 0.07095196 0.07095196
 0.07042328 0.06864772 0.06864772 0.085916   0.15592229 0.14648625
 0.1624124  0.27899721 0.15165591 0.12115918 0.11256901 0.10262209
 0.10059075 0.11052421 0.08584145 0.09277311 0.07770196 0.03417359
 0.03678355 0.03851057 0.03765943 0.04109938 0.05314895 0.06760789
 0.07303358 0.06447364 0.21712903 0.19254054 0.15169109 0.12988057
 0.14352002 0.15741208 0.1765329  0.12575596 0.15099029 0.15019211
 0.11413834 0.09957436 0.08727696 0.09734682 0.09304239 0.03980279
 0.03796754 0.06318096 0.03153497 0.03153497 0.03755309 0.04012782
 0.04568708 0.05977524 0.05782449 0.07931    0.09095639 0.17433215
 0.28467785 0.22153329 0.26086823 0.23534496 0.21769245 0.16570923
 0.11673967 0.11657537 0.12215253 0.0942286  0.09963658 0.08870875
 0.04207047 0.05147667 0.04935958 0.05149297 0.04694315 0.04717606
 0.05058324 0.05375323 0.0703908  0.07891087 0.07291488 0.07291488
 0.09296345 0.15453579 0.15337959 0.144832   0.14830704 0.12360738
 0.12984217 0.107104   0.09417269 0.07737392 0.07368613 0.07581952
 0.07003653 0.04176688 0.03952526 0.03616616 0.0386882  0.04119453
 0.04816398 0.06583863 0.08469851 0.11283211 0.12914038 0.16746616
 0.14589015 0.16347322 0.19703533 0.16469477 0.15958492 0.13064985
 0.13902449 0.10058728 0.14606684 0.10301658 0.08187838 0.08712889
 0.10678564 0.03817878 0.0399058  0.0399376  0.03995168 0.04468049
 0.04864815 0.06641127 0.07894931 0.09059251 0.08793445 0.14542265
 0.14260682 0.18649787 0.18234119 0.15150109 0.14927718 0.18377714
 0.12718483 0.11908725 0.11038507 0.11184532 0.11314507 0.08821373
 0.07898796 0.04480843 0.04155978 0.03882973 0.04057446 0.04225034
 0.04826846 0.07556294 0.06451962 0.08829912 0.10156047 0.10739253
 0.16263187 0.15881087 0.24612804 0.26188874 0.17228364 0.1964486
 0.11250208 0.11398051 0.1020156  0.08497925 0.08574674 0.08574674
 0.08084669 0.08611827 0.0371153  0.04281096 0.04357157 0.04100749
 0.04444745 0.05149681 0.06258637 0.08484219 0.10654117 0.08625432
 0.10569539 0.09318772 0.10361913 0.11881924 0.1483813  0.1341018
 0.12328935 0.12307256 0.10815871 0.09973517 0.09683308 0.09040935
 0.09125024 0.08306108 0.04339654 0.04171859 0.04159627 0.04345969
 0.04360734 0.05106843 0.08011226 0.07800421 0.08644085 0.08172501
 0.10410856 0.18686275 0.17379824 0.15178075 0.13644282 0.21403517
 0.15814935 0.15493046 0.12046189 0.10880523 0.10215032 0.12721012
 0.10128048 0.09782707 0.04464316 0.03069252 0.03073938 0.02892183
 0.03405701 0.04250221 0.04819787 0.04780275 0.05936888 0.0806824
 0.10879782 0.18792126 0.26209928 0.33132394 0.27813981 0.24792722
 0.22351976 0.17663674 0.15405588 0.12629109 0.11393168 0.10845708
 0.10565862 0.10309454 0.06102383 0.03338126 0.0414266  0.03300306
 0.03459368 0.03642452 0.03986447 0.04671259 0.05276348 0.09441988
 0.08441044 0.11711705 0.22176016 0.19387532 0.21674778 0.20938222
 0.19831479 0.174021   0.10072268 0.1134299  0.08544077 0.07401179
 0.0743811  0.06827246 0.03140555 0.0306069  0.03350188 0.03704547
 0.03790726 0.04134721 0.05653498 0.06663158 0.08861823 0.08931905
 0.11957103 0.12526349 0.18081442 0.18544876 0.19442133 0.17950748
 0.18897808 0.16849562 0.13249785 0.13669085 0.10865426 0.1003287
 0.08539395 0.0792853  0.04331944 0.03965575 0.043078   0.04310979
 0.04700861 0.05309292 0.0703612  0.07271342 0.08657674 0.0910533
 0.10846451 0.16512591 0.19965489 0.19812469 0.19812469 0.13842989
 0.16508493 0.14572267 0.14573356 0.11286894 0.09254348 0.10281711
 0.10281711 0.11078585 0.11078585 0.08500668 0.08500668 0.08473389
 0.08473389 0.03888683 0.03888683 0.03964745 0.04306969 0.04092969
 0.04092969 0.04435193 0.04865711 0.04865711 0.05841539 0.07158227
 0.06665301 0.08459395 0.09044008 0.12993922 0.14615272 0.15205818
 0.1899425  0.17784653 0.1505446  0.15192825 0.1749403  0.10686434
 0.11337193 0.10300778 0.09699041 0.08659804 0.04011754 0.03714709
 0.04748372 0.04460319 0.04448087 0.05049899 0.07645348 0.06727136
 0.08569574 0.0945264  0.09700635 0.12407816 0.17789512 0.21684188
 0.1773325  0.18905277 0.16013541 0.14086794 0.13513068 0.11003337
 0.10655858 0.09939195 0.10720291 0.08797705 0.03683787 0.03475036
 0.03864917 0.0382044  0.04033778 0.04589704 0.07102189 0.06308715
 0.08871598 0.09696829 0.13332846 0.13233819 0.17519217 0.15940989
 0.17055242 0.19566317 0.15644478 0.17785609 0.15133083 0.21767459
 0.09478875 0.09809514 0.10309676 0.1104968  0.03583496 0.03825521
 0.03957587 0.03965831 0.04226646 0.04319846 0.07153318 0.05438453
 0.06813517 0.13491417 0.12100184 0.13837144 0.20428272 0.24920232
 0.23803126 0.21569946 0.20396621 0.18195104 0.15534554 0.11916724
 0.10807942 0.09372241 0.10923897 0.09295019 0.04494601 0.0482524
 0.0434682  0.04026338 0.04024268 0.04668443 0.05053075 0.05437707
 0.05993633 0.07822715 0.09567061 0.10835141 0.19616392 0.22117123
 0.22640986 0.18933571 0.23167767 0.163883   0.11685436 0.10956921
 0.09147474 0.10844127 0.08738379 0.07688828 0.04548043 0.04291635
 0.04293043 0.05133701 0.04638447 0.05666997 0.06008035 0.06736441
 0.06458366 0.0853965  0.09510562 0.12256608 0.18626044 0.19744031
 0.18680063 0.20568707 0.15205927 0.12465875 0.10518652 0.10479423
 0.09880644 0.09810958 0.08211714 0.08518416 0.04343893 0.04163645
 0.04124417 0.04124417 0.04117078 0.04117078 0.04077849 0.04837234
 0.06154242 0.06235737 0.05560835 0.07689776 0.08748237 0.12366782
 0.30300384 0.22685545 0.19687132 0.18613959 0.19422051 0.13350315
 0.13130395 0.13210605 0.11601519 0.1146629  0.09147425 0.08568807
 0.03551209 0.03764548 0.03896613 0.04028678 0.0396372  0.04177059
 0.0487551  0.06066827 0.07711295 0.09407298 0.11147766 0.1350287
 0.18334726 0.23084268 0.22721411 0.18003136 0.17842729 0.12448107
 0.10602996 0.11205731 0.10988956 0.09551848 0.08512475 0.08713544
 0.04373113 0.04771385 0.03629439 0.04097252 0.0454825  0.04893432
 0.06372255 0.09004463 0.07622755 0.0900024  0.10048399 0.13106527
 0.17677289 0.16323317 0.28121713 0.25039875 0.21060801 0.1400008
 0.09534928 0.14093247 0.08763306 0.09504816 0.09070495 0.07713976
 0.0336848  0.03171314 0.03248882 0.03832088 0.0399115  0.04860576
 0.05545752 0.0706274  0.08157737 0.0947438  0.10521353 0.17570325
 0.22896291 0.19103415 0.2119834  0.24458551 0.18877588 0.18918949
 0.22896908 0.13387691 0.11599271 0.10031727 0.08954355 0.08628623
 0.03193251 0.03242317 0.0446894  0.08298727 0.03502606 0.03887238
 0.04229463 0.04363299 0.05102388 0.06428523 0.09126545 0.19574888
 0.23550264 0.26575427 0.26575427 0.25407067 0.19752902 0.15532657
 0.11665165 0.14540781 0.09951756 0.08869104 0.07855123 0.08729395
 0.07691429 0.03727066 0.0321608  0.03533079 0.03746418 0.03693549
 0.03893248 0.0427788  0.05190317 0.05532541 0.05876537 0.07815248
 0.12849828 0.28321971 0.19717688 0.24197468 0.1509266  0.14184811
 0.1109013  0.08111199 0.0807197  0.07812285 0.06904436 0.06756433
 0.06873132]"
Ridge,"Ridge(alpha=0.01387391180963622, copy_X=True, fit_intercept=True, max_iter=None,
      normalize=False, random_state=None, solver='auto', tol=0.001)",{'alpha': 0.01387391180963622},0.010674761950707967,"[0.16312506 0.20669684 0.36068294 0.32108147 0.32266568 0.28453003
 0.21910472 0.19698339 0.12369482 0.14595386 0.11824892 0.09047718
 0.07534646 0.03415935 0.04228109 0.02280836 0.02111013 0.02332229
 0.02817844 0.03743286 0.03591458 0.05623282 0.11802231 0.27167609
 0.6372259  0.78703429 0.75582739 0.60234224 0.36687084 0.23060854
 0.19485193 0.22159256 0.13185371 0.09219728 0.06214045 0.05751727
 0.06554596 0.02410013 0.02186764 0.01822045 0.02157517 0.02376083
 0.04060156 0.04955842 0.08024447 0.06611239 0.09615398 0.11043394
 0.19478351 0.21567053 0.19547313 0.2368432  0.22314388 0.1628937
 0.16769717 0.11028268 0.10416102 0.10896449 0.10736686 0.12558178
 0.09861381 0.0755143  0.07669757 0.0718941  0.03587535 0.04035647
 0.04034851 0.04631648 0.0420533  0.03724983 0.04391055 0.06124279
 0.07369711 0.0661737  0.10511646 0.16851531 0.16873984 0.18404643
 0.21949992 0.15731527 0.16446616 0.12993623 0.10202841 0.09255063
 0.1029705  0.09675685 0.08458287 0.10003638 0.07950074 0.0843042
 0.04122753 0.03803422 0.04283769 0.04243111 0.04712637 0.03940306
 0.04420653 0.04545778 0.06108597 0.05792005 0.07434054 0.07117462
 0.07042002 0.07546223 0.07862815 0.09652873 0.16685905 0.19516619
 0.22390069 0.36398917 0.20406427 0.16649403 0.16457798 0.13193899
 0.13183749 0.14752956 0.10689138 0.09505234 0.08115795 0.03721827
 0.03977942 0.0394311  0.0408385  0.04258131 0.06133678 0.12651394
 0.08148035 0.08809903 0.29553453 0.28084991 0.16937752 0.19759565
 0.19726404 0.19497773 0.19758737 0.18935911 0.40880389 0.39208329
 0.13295615 0.1152259  0.11277449 0.14276599 0.12455489 0.0345426
 0.0281512  0.04279468 0.01438718 0.01602915 0.01948789 0.02024502
 0.02643996 0.04146805 0.04789773 0.09749113 0.11097534 0.22267576
 0.35111836 0.30217335 0.32847497 0.28367668 0.27636724 0.20358963
 0.13073107 0.13970419 0.13171556 0.11323247 0.12314015 0.09109301
 0.06960138 0.05610536 0.03320891 0.03945565 0.03281778 0.03765731
 0.03444374 0.0366559  0.0578165  0.08584072 0.07050169 0.06253231
 0.11560456 0.1906138  0.25937749 0.18230462 0.17974039 0.15066545
 0.13929816 0.10781331 0.09279755 0.07298688 0.06848591 0.06721758
 0.06058025 0.03926164 0.02833777 0.02005459 0.02451244 0.02554887
 0.0322632  0.04842452 0.06996535 0.10155057 0.15628481 0.22273333
 0.20254267 0.23001139 0.23297047 0.16979398 0.25443595 0.13864187
 0.18551888 0.12230761 0.16031304 0.11820667 0.07108506 0.07941433
 0.08981687 0.02855957 0.03027232 0.02978052 0.03011252 0.03352041
 0.03845489 0.05979164 0.06908515 0.09187392 0.10077403 0.15480273
 0.2184558  0.2260938  0.21246728 0.20894948 0.17515352 0.22225358
 0.14099661 0.13129522 0.14003993 0.12791696 0.12513513 0.07790181
 0.07287715 0.04129424 0.03637368 0.03337655 0.03443494 0.032901
 0.03643835 0.06768175 0.0592746  0.07677653 0.11335965 0.13169218
 0.29594019 0.21824952 0.36474553 0.3480603  0.20376542 0.24105578
 0.13952269 0.14829343 0.12113759 0.10081886 0.08849846 0.11670003
 0.12782193 0.08298981 0.08479792 0.04995682 0.04484693 0.04281252
 0.04976975 0.04523339 0.06311116 0.07969406 0.11302553 0.09636304
 0.13145987 0.11406164 0.13394693 0.14649354 0.18236682 0.20132001
 0.17995509 0.1456601  0.12339162 0.1194687  0.10959034 0.09726835
 0.09958257 0.08283285 0.04848053 0.04578655 0.0547086  0.05323903
 0.05206901 0.05794361 0.09118499 0.09494222 0.09971947 0.10743625
 0.14415282 0.2412076  0.22215438 0.20471778 0.18863766 0.25964744
 0.20705333 0.22479781 0.18422675 0.15388502 0.15603335 0.17595592
 0.14116671 0.1100751  0.05297183 0.01413547 0.01887129 0.01736842
 0.01863327 0.02582702 0.03286133 0.03067522 0.04948336 0.07023908
 0.14038906 0.29566432 0.33864489 0.46059776 0.41268986 0.33932184
 0.31110305 0.22701169 0.19395891 0.15089408 0.13819507 0.1144663
 0.10844859 0.09475587 0.06676716 0.0329848  0.03792999 0.02495714
 0.02125672 0.0235269  0.02662039 0.03477694 0.03899327 0.09480161
 0.09055954 0.15426526 0.28381976 0.26209768 0.27788888 0.27420738
 0.2429611  0.19028436 0.10373449 0.13680739 0.10519393 0.07252463
 0.07081866 0.06298505 0.02104647 0.01252934 0.0171032  0.01847458
 0.01920165 0.02229514 0.04314293 0.04953296 0.06872998 0.07193463
 0.11572129 0.15934619 0.25880674 0.24216994 0.28995928 0.23074918
 0.19914827 0.16636202 0.12004421 0.12200236 0.09036063 0.08219577
 0.06648638 0.05864758 0.02889741 0.02817526 0.02941005 0.02773701
 0.03144615 0.03950485 0.05965907 0.0659982  0.08270786 0.09511039
 0.12152358 0.21055701 0.25403535 0.2969456  0.29214213 0.22153151
 0.25035053 0.20797039 0.16824545 0.12564586 0.1141302  0.10760278
 0.11240625 0.11262323 0.1174267  0.07131245 0.07611592 0.07253957
 0.07734304 0.03365176 0.03845523 0.03200224 0.03439942 0.03343135
 0.03823482 0.04198267 0.04125837 0.04606184 0.05662267 0.06972978
 0.0660133  0.08235543 0.09585014 0.14685586 0.27815827 0.33196763
 0.32085053 0.28552898 0.19237821 0.17174501 0.20933366 0.14481739
 0.116714   0.14677522 0.11313751 0.08715842 0.0462639  0.03961413
 0.03988547 0.04426678 0.04375941 0.0493464  0.07567804 0.07309021
 0.08535818 0.09831795 0.11355203 0.16988674 0.35576126 0.369769
 0.28752493 0.39199085 0.24059359 0.24064368 0.20419063 0.18725997
 0.14097751 0.12693795 0.11211965 0.08627927 0.03990291 0.03512842
 0.0383553  0.04077301 0.04285579 0.04839412 0.07440628 0.06618521
 0.0910199  0.10431772 0.18169867 0.367183   0.37232717 0.32475853
 0.32343492 0.34839833 0.20304788 0.20401838 0.19047353 0.26162581
 0.12676415 0.12203352 0.11556944 0.12137085 0.02015611 0.02134896
 0.01871948 0.01995941 0.02577497 0.02356139 0.04783489 0.03627183
 0.05372878 0.16214639 0.13794411 0.20150201 0.34023255 0.32434098
 0.45267523 0.30987474 0.28138927 0.2656416  0.17146626 0.12724773
 0.12980981 0.09865348 0.12197464 0.08618067 0.04059447 0.0380293
 0.03375324 0.02591925 0.02670195 0.03206246 0.03687665 0.05400577
 0.05149535 0.07459484 0.09267255 0.12844165 0.30659134 0.34874267
 0.31231909 0.23668519 0.29221001 0.20664673 0.11871416 0.1250926
 0.09439836 0.11711754 0.08060611 0.06382116 0.03558708 0.03355267
 0.02969799 0.0366731  0.03312348 0.04900245 0.04970982 0.053514
 0.05889662 0.07387973 0.09863913 0.17159879 0.2363696  0.30843642
 0.22849786 0.24965153 0.17421594 0.14276331 0.10745041 0.1129543
 0.08640539 0.08959599 0.07500841 0.07560651 0.0343373  0.03585683
 0.03679567 0.0319922  0.04398043 0.03917696 0.04124106 0.04587127
 0.05893811 0.0597697  0.05063706 0.09236334 0.08857313 0.13163588
 0.38302168 0.30897005 0.23927076 0.2397007  0.224113   0.16554943
 0.14787563 0.13648754 0.12491605 0.13223424 0.08607605 0.07720023
 0.0354687  0.03742869 0.03823759 0.0397031  0.03945245 0.04141243
 0.05318155 0.06046396 0.08499555 0.11688842 0.12682572 0.18500326
 0.22705751 0.31410131 0.28223574 0.23001949 0.22403865 0.1386812
 0.11880447 0.14869834 0.12262029 0.11088575 0.09175606 0.08274675
 0.04802144 0.05232433 0.04065693 0.04917446 0.048329   0.05164718
 0.06959706 0.09429845 0.09764917 0.11624149 0.12318434 0.17679539
 0.22068113 0.22651121 0.39180382 0.40250329 0.28115106 0.20546133
 0.13184633 0.17720328 0.10537325 0.1083388  0.10089281 0.09021314
 0.04229685 0.03716024 0.03735181 0.04522549 0.04609886 0.05330095
 0.06442595 0.08100105 0.09621857 0.10182302 0.14525265 0.24879626
 0.2952243  0.26075892 0.34032363 0.30283941 0.25609489 0.2546914
 0.24518708 0.1870728  0.14132429 0.10907755 0.10335765 0.09571479
 0.01930724 0.0199342  0.03256179 0.06620831 0.02076974 0.0257322
 0.02948006 0.03689648 0.04482213 0.05756546 0.10126094 0.26676711
 0.3260677  0.35937577 0.36417924 0.42121808 0.28789042 0.22307652
 0.13355942 0.16771412 0.10705786 0.10521028 0.09465986 0.08342046
 0.06753833 0.03687345 0.02353271 0.02561778 0.03291498 0.02836714
 0.02994677 0.0346127  0.0452059  0.05853412 0.05928758 0.08908761
 0.1560784  0.37761902 0.29626524 0.34746673 0.20520792 0.20489852
 0.16091209 0.09516526 0.09462288 0.07728085 0.07512729 0.05151416
 0.05265638]"
SVR,"SVR(C=2.313169010790767, cache_size=200, coef0=0.0, degree=3,
    epsilon=0.02908482995957102, gamma='auto_deprecated', kernel='rbf',
    max_iter=-1, shrinking=True, tol=0.001, verbose=False)","{'C': 2.313169010790767, 'epsilon': 0.02908482995957102}",0.010442043472036573,"[1.40583525e-01 2.01745357e-01 2.58553804e-01 2.73887695e-01
 2.82033428e-01 2.48289786e-01 2.09781345e-01 1.69330069e-01
 1.25587146e-01 1.19228904e-01 9.06790548e-02 7.28055802e-02
 5.07070281e-02 2.24910878e-02 2.53812552e-02 1.05901829e-02
 1.14687170e-02 1.49703328e-02 2.17330560e-02 3.37646695e-02
 3.38250958e-02 5.70923951e-02 8.55443210e-02 1.63920902e-01
 3.77294249e-01 4.64086551e-01 4.99335880e-01 4.47102820e-01
 3.61804219e-01 2.33610479e-01 1.79564560e-01 1.80739783e-01
 1.15501363e-01 5.97045006e-02 3.25946271e-02 2.41777313e-02
 2.47754361e-02 1.79473548e-02 4.30743939e-03 3.63172875e-04
 1.68203612e-02 8.66084380e-03 4.17592380e-02 4.97230299e-02
 7.41555599e-02 6.46378153e-02 9.06941332e-02 1.13645139e-01
 2.06379904e-01 2.25571039e-01 1.98145614e-01 2.26847423e-01
 2.17343258e-01 1.31694588e-01 1.39180732e-01 1.01276828e-01
 9.85105370e-02 9.96971795e-02 9.30211712e-02 9.00570651e-02
 8.27106153e-02 6.23369496e-02 6.04888523e-02 6.99572508e-02
 1.00472069e-03 3.75772160e-03 9.20749854e-03 1.81878372e-02
 1.88734531e-02 1.93132157e-02 2.61208738e-02 3.60928060e-02
 5.75581212e-02 7.05336170e-02 8.48158785e-02 1.55568664e-01
 1.69161404e-01 1.46243589e-01 1.79236322e-01 1.66484572e-01
 1.61901750e-01 1.21386769e-01 9.38390245e-02 7.88665625e-02
 9.03487368e-02 8.06382676e-02 6.91100583e-02 7.93613862e-02
 6.92212052e-02 6.45818177e-02 3.41235865e-03 5.01953191e-03
 1.04313467e-02 1.05763698e-02 1.58237504e-02 2.09941819e-02
 2.84648200e-02 3.71647430e-02 4.19439401e-02 3.62745258e-02
 5.14056656e-02 4.61885580e-02 4.77614881e-02 5.64484134e-02
 6.19095129e-02 7.32192480e-02 1.24307573e-01 1.52997911e-01
 1.85043742e-01 3.43421934e-01 1.83706007e-01 1.47974716e-01
 1.36281757e-01 1.02541374e-01 9.50065795e-02 1.34193377e-01
 1.00152047e-01 8.04336758e-02 4.10330076e-02 5.30245660e-03
 8.96766461e-03 1.37915827e-02 1.58052997e-02 1.98870836e-02
 5.12044251e-02 9.29468586e-02 6.71089423e-02 6.61034749e-02
 2.49499539e-01 2.39530583e-01 1.58086356e-01 1.66756132e-01
 1.87942731e-01 1.79111512e-01 1.84735453e-01 1.76366415e-01
 2.53245702e-01 2.26392589e-01 1.11737940e-01 1.04829737e-01
 8.49379450e-02 1.04786670e-01 8.42226625e-02 2.03636583e-02
 1.89490926e-02 2.87954881e-02 5.84450563e-03 2.03842937e-02
 1.84853458e-02 2.01587041e-02 2.53834939e-02 3.78705366e-02
 4.30901427e-02 8.10915418e-02 8.94043466e-02 1.72634488e-01
 2.79034154e-01 2.42412304e-01 2.56014256e-01 2.24150038e-01
 2.09373871e-01 1.64940916e-01 1.01851967e-01 9.76735856e-02
 9.42194646e-02 8.39503700e-02 8.87997552e-02 6.47585359e-02
 2.78560295e-02 2.39638130e-02 2.07579680e-02 3.02910172e-02
 2.78371235e-02 2.63277920e-02 2.68560545e-02 2.78715007e-02
 4.98414076e-02 7.38425944e-02 5.51785381e-02 4.96916621e-02
 7.67876348e-02 1.32144583e-01 1.82265665e-01 1.55848926e-01
 1.51741642e-01 1.31866210e-01 1.22226829e-01 1.00919044e-01
 8.67520618e-02 6.59799162e-02 6.15458661e-02 6.09973376e-02
 4.05331479e-02 2.77354894e-02 1.98594337e-02 1.31197984e-02
 2.17219179e-02 3.13931191e-02 3.17960300e-02 4.85575019e-02
 7.15263184e-02 9.27274181e-02 1.26879493e-01 1.70975444e-01
 1.81821326e-01 2.08150262e-01 2.21397497e-01 1.75234430e-01
 2.41225775e-01 1.44019703e-01 1.73010488e-01 1.18989600e-01
 1.41006891e-01 9.83670155e-02 6.19224955e-02 6.14485752e-02
 6.76732466e-02 1.48986647e-02 1.94014912e-02 2.09150070e-02
 2.35642179e-02 3.07157396e-02 3.50884217e-02 5.64889523e-02
 6.88276950e-02 8.20230839e-02 1.01590163e-01 1.55826572e-01
 1.98550232e-01 2.35960377e-01 2.09495214e-01 1.92983462e-01
 1.66589329e-01 2.23350824e-01 1.41445140e-01 1.21026825e-01
 1.36463113e-01 1.29433377e-01 1.19775932e-01 6.80218571e-02
 6.51389142e-02 2.53968233e-02 7.80894931e-03 1.78932269e-02
 2.07984270e-02 2.70049417e-02 2.82282635e-02 5.97969607e-02
 5.44423983e-02 6.75505497e-02 9.65956125e-02 1.15259987e-01
 2.76204652e-01 2.05552559e-01 3.38520195e-01 3.49858591e-01
 1.96041186e-01 2.32391771e-01 1.26964655e-01 1.24840987e-01
 1.02511346e-01 9.36722777e-02 7.55055857e-02 9.58921018e-02
 9.03074321e-02 6.83767786e-02 2.69755068e-02 1.78609524e-02
 1.61970822e-02 1.86017376e-02 2.56444482e-02 3.61333770e-02
 5.71138809e-02 7.26320534e-02 1.00036727e-01 8.75227292e-02
 9.63304649e-02 1.02843300e-01 1.18964438e-01 1.39217288e-01
 1.72494400e-01 1.84604851e-01 1.62377261e-01 1.46766162e-01
 1.15858330e-01 1.03829460e-01 8.14153863e-02 7.05027935e-02
 6.58877384e-02 5.09747991e-02 1.15285049e-02 1.50881350e-02
 2.12790155e-02 2.49540162e-02 2.46264322e-02 3.36834062e-02
 6.87293587e-02 7.20647405e-02 8.46079856e-02 8.06947457e-02
 1.24660276e-01 1.97580979e-01 1.91411468e-01 1.72220175e-01
 1.79764166e-01 2.37085196e-01 1.68444079e-01 1.75645374e-01
 1.40923179e-01 1.27721771e-01 1.16638122e-01 1.38749019e-01
 1.08149087e-01 8.05809732e-02 2.72828233e-02 1.05071590e-02
 1.46271935e-02 1.32893112e-02 1.77197275e-02 2.53688716e-02
 3.17361999e-02 2.98971131e-02 4.45321986e-02 6.39243767e-02
 1.11816562e-01 2.19423543e-01 2.68194458e-01 3.51974310e-01
 3.26518580e-01 2.73276194e-01 2.35241954e-01 1.91562557e-01
 1.51926684e-01 1.22165974e-01 9.27547654e-02 7.96109197e-02
 6.87281618e-02 5.87742010e-02 2.46643541e-02 9.15526082e-03
 1.95207239e-02 1.28218216e-02 1.22041386e-02 1.89042753e-02
 2.23823519e-02 2.62204476e-02 3.00309039e-02 7.64106933e-02
 6.60307951e-02 1.21388874e-01 2.15654524e-01 2.09428806e-01
 2.19392500e-01 2.19029910e-01 2.01690547e-01 1.62286093e-01
 9.18326549e-02 1.11798532e-01 6.94715859e-02 4.32737784e-02
 3.59618816e-02 2.59706304e-02 9.07911474e-03 5.25832619e-03
 4.77125004e-03 1.98544071e-02 2.24892630e-02 2.67074597e-02
 4.83396974e-02 5.76916448e-02 7.97781142e-02 8.10633975e-02
 1.31614049e-01 1.72449398e-01 2.74693429e-01 2.62287708e-01
 2.95100179e-01 2.38120600e-01 1.99493268e-01 1.66431667e-01
 1.11925869e-01 1.08039255e-01 8.79147977e-02 7.65751584e-02
 5.98293177e-02 4.69566218e-02 1.40784533e-02 1.50341772e-02
 2.15089669e-02 2.21894616e-02 2.64059952e-02 3.87667512e-02
 5.77364406e-02 6.12580126e-02 7.47333055e-02 9.18716541e-02
 1.31550983e-01 2.19503252e-01 2.43734903e-01 2.39960826e-01
 2.21025455e-01 2.29638181e-01 2.41880871e-01 1.91966510e-01
 1.43761541e-01 1.27843143e-01 1.02290327e-01 9.81248323e-02
 9.65816815e-02 9.80072846e-02 9.72065421e-02 6.67125745e-02
 6.32544935e-02 6.90517541e-02 6.34883133e-02 3.29717655e-03
 7.90430619e-03 4.54674587e-03 1.04518628e-02 1.36025321e-02
 1.63144679e-02 2.27943021e-02 2.58589976e-02 2.84598455e-02
 3.92588905e-02 5.28180040e-02 6.39281459e-02 8.21946188e-02
 9.31770372e-02 1.41392137e-01 2.64547716e-01 3.08660963e-01
 2.95785692e-01 2.78399053e-01 1.74821853e-01 1.58558535e-01
 1.96235563e-01 1.32144434e-01 1.20078769e-01 1.29914004e-01
 1.10142931e-01 8.50956716e-02 2.83446221e-02 2.83016735e-02
 9.80436415e-03 3.44763855e-02 3.63647544e-02 4.30461626e-02
 6.83858634e-02 5.64292672e-02 6.88526125e-02 8.32662988e-02
 9.79759561e-02 1.55092312e-01 3.31291802e-01 3.19128981e-01
 2.58634339e-01 3.34480874e-01 2.01878679e-01 1.77794677e-01
 1.52766735e-01 1.38891668e-01 1.01854881e-01 9.35676309e-02
 8.47320115e-02 6.34314621e-02 1.45530599e-02 1.20780331e-02
 8.04948260e-03 1.44141635e-02 1.99241052e-02 3.56112376e-02
 6.24041797e-02 4.86682694e-02 7.22568758e-02 8.58240801e-02
 1.66540323e-01 3.12315788e-01 3.32802539e-01 3.00582943e-01
 2.94209681e-01 3.09704822e-01 1.84185858e-01 1.81001413e-01
 1.62763419e-01 2.46279153e-01 9.23591636e-02 8.65551398e-02
 8.60088314e-02 9.90023506e-02 8.29472107e-03 1.15301672e-02
 1.77430684e-02 7.83662092e-03 3.18850847e-02 2.81610673e-02
 3.63149077e-02 3.01444039e-02 5.41261927e-02 1.22003992e-01
 1.12232889e-01 1.60264255e-01 2.45549402e-01 2.56435893e-01
 2.59551239e-01 2.11136540e-01 1.88368753e-01 2.12602057e-01
 1.51632098e-01 1.10453478e-01 9.75511261e-02 7.10979949e-02
 8.61335859e-02 7.15927061e-02 1.81842732e-02 2.25959582e-02
 2.34912041e-02 2.05787768e-02 2.63965009e-02 2.73250128e-02
 3.43378499e-02 4.50297868e-02 4.80535953e-02 6.51826424e-02
 8.87557987e-02 9.67819463e-02 2.10646830e-01 2.68051718e-01
 2.23649857e-01 1.83174350e-01 2.28333171e-01 1.58245283e-01
 9.06800334e-02 9.50650091e-02 6.79139966e-02 8.24508510e-02
 5.07191105e-02 3.96504637e-02 2.06221561e-02 2.29180752e-02
 2.67103632e-02 3.47717863e-02 3.51730027e-02 3.22808844e-02
 5.39298700e-02 5.44728393e-02 6.31509674e-02 7.41174444e-02
 1.03780712e-01 1.64986998e-01 2.30514309e-01 2.76499747e-01
 2.26627169e-01 2.40735198e-01 1.74730631e-01 1.38663178e-01
 1.11296467e-01 1.13323133e-01 8.02177682e-02 8.06755453e-02
 5.99822712e-02 6.18162207e-02 1.36967540e-02 1.87600410e-02
 1.95090985e-02 1.62456440e-02 2.33338284e-02 2.33181934e-02
 2.59320141e-02 3.21480434e-02 4.34934263e-02 6.38436389e-02
 5.35925602e-02 8.27369272e-02 9.12639522e-02 1.43188891e-01
 4.17106670e-01 3.24011547e-01 2.42695944e-01 2.38705895e-01
 2.09990230e-01 1.53065715e-01 1.38311570e-01 1.14592228e-01
 1.06955399e-01 1.06284346e-01 6.95035481e-02 4.97240539e-02
 9.15187092e-03 1.46394132e-02 2.35531276e-02 2.66267178e-02
 2.45966444e-02 2.70005568e-02 4.11262102e-02 4.77356461e-02
 7.14256778e-02 1.01842783e-01 1.15829676e-01 1.83322944e-01
 2.19016843e-01 2.86720490e-01 2.77636301e-01 2.28752833e-01
 2.14502066e-01 1.24907843e-01 1.00281738e-01 1.21251011e-01
 1.05325566e-01 8.17476895e-02 7.30679318e-02 5.31963807e-02
 1.81326032e-02 2.42275265e-02 1.62115222e-02 3.78041688e-02
 2.75127577e-02 2.91272766e-02 4.97577704e-02 7.25769945e-02
 6.92787558e-02 9.63539020e-02 1.05085293e-01 1.65745892e-01
 2.20161703e-01 2.17260835e-01 3.79290887e-01 3.58490306e-01
 2.69363704e-01 1.80329416e-01 1.13666689e-01 1.52827109e-01
 8.96565150e-02 9.36771883e-02 7.57425171e-02 5.15164337e-02
 1.03186811e-02 1.02320996e-02 5.66166408e-03 1.51660103e-02
 1.81195001e-02 2.59838753e-02 3.87141098e-02 5.65815281e-02
 6.91753551e-02 7.82498697e-02 1.23921329e-01 2.14967254e-01
 2.84207024e-01 2.39939711e-01 2.97444950e-01 2.83284577e-01
 2.22422169e-01 2.10474678e-01 1.98893426e-01 1.45837114e-01
 1.03669768e-01 9.65992589e-02 8.50572430e-02 7.61801262e-02
 1.55065389e-02 1.82363655e-02 2.31915877e-02 4.88815709e-02
 1.73091147e-02 2.21017357e-02 2.67529502e-02 2.81091756e-02
 4.72431837e-02 6.04065390e-02 9.52308773e-02 1.84675141e-01
 2.00162334e-01 2.20114861e-01 2.40007892e-01 2.30728273e-01
 1.80523122e-01 1.42503809e-01 9.67362978e-02 1.20548933e-01
 7.81113880e-02 8.32732527e-02 7.55774485e-02 6.64545526e-02
 5.33490423e-02 1.98759468e-02 1.80820731e-02 2.13385780e-02
 2.90883374e-02 2.80717848e-02 3.05690761e-02 3.80014387e-02
 4.75922801e-02 5.55719424e-02 5.78314927e-02 7.90169930e-02
 1.20168025e-01 2.72041309e-01 2.09057792e-01 2.43961184e-01
 1.40305990e-01 1.44026413e-01 1.21202378e-01 8.21209479e-02
 7.91713135e-02 4.22091560e-02 3.37549845e-02 3.69561179e-02
 4.17622951e-02]"
GRU,,,0.013685289913607606,"DateIndex
2019-06-09 11:00:00    1632.005100
2019-06-09 12:00:00    1275.732300
2019-06-09 13:00:00    1029.743000
2019-06-09 14:00:00     809.364750
2019-06-09 15:00:00     611.729900
2019-06-09 16:00:00     451.328100
2019-06-09 17:00:00     303.145450
2019-06-09 18:00:00     197.448900
2019-06-09 19:00:00     121.734890
2019-06-09 20:00:00      78.529396
2019-06-09 21:00:00      52.095300
2019-06-09 22:00:00      35.451294
2019-06-09 23:00:00      24.892979
2019-06-10 00:00:00      18.556828
2019-06-10 01:00:00      16.260690
2019-06-10 02:00:00      16.921333
2019-06-10 03:00:00      20.648613
2019-06-10 04:00:00      28.823814
2019-06-10 05:00:00      44.290894
2019-06-10 06:00:00      72.528860
2019-06-10 07:00:00     121.571526
2019-06-10 08:00:00     201.178470
2019-06-10 09:00:00     320.107640
2019-06-10 10:00:00     524.431640
2019-06-10 11:00:00    1023.799440
2019-06-10 12:00:00    1847.254600
2019-06-10 13:00:00    2590.878200
2019-06-10 14:00:00    2897.572800
2019-06-10 15:00:00    2761.858200
2019-06-10 16:00:00    2190.267300
                          ...     
2019-07-06 17:00:00     918.357300
2019-07-06 18:00:00     635.657400
2019-07-06 19:00:00     417.670530
2019-07-06 20:00:00     275.096800
2019-07-06 21:00:00     187.294850
2019-07-06 22:00:00     129.964610
2019-07-06 23:00:00      92.529465
2019-07-07 00:00:00      68.747730
2019-07-07 01:00:00      55.718754
2019-07-07 02:00:00      50.995785
2019-07-07 03:00:00      53.108860
2019-07-07 04:00:00      61.782246
2019-07-07 05:00:00      79.517914
2019-07-07 06:00:00     108.115290
2019-07-07 07:00:00     150.867340
2019-07-07 08:00:00     210.361300
2019-07-07 09:00:00     285.707950
2019-07-07 10:00:00     377.097260
2019-07-07 11:00:00     496.161900
2019-07-07 12:00:00     694.420600
2019-07-07 13:00:00     852.776400
2019-07-07 14:00:00     972.729860
2019-07-07 15:00:00     929.592350
2019-07-07 16:00:00     790.144800
2019-07-07 17:00:00     613.042900
2019-07-07 18:00:00     428.409760
2019-07-07 19:00:00     282.362030
2019-07-07 20:00:00     182.232510
2019-07-07 21:00:00     119.673960
2019-07-07 22:00:00      76.395830
Name: Totalt_pred, Length: 708, dtype: float64"
