2019-05-01 00:00:00,0.004641104371399673
2019-05-01 01:00:00,-0.00784643849855162
2019-05-01 02:00:00,0.005705033837098915
2019-05-01 03:00:00,0.0028346475605978204
2019-05-01 04:00:00,0.0034531042065434254
2019-05-01 05:00:00,0.011504527623157072
2019-05-01 06:00:00,0.015216466274391157
2019-05-01 07:00:00,0.05426697954558918
2019-05-01 08:00:00,0.10249493354959475
2019-05-01 09:00:00,0.06444025525475429
2019-05-01 10:00:00,0.09116240483354682
2019-05-01 11:00:00,0.1339284164959081
2019-05-01 12:00:00,0.2672779813703556
2019-05-01 13:00:00,0.19324861083604408
2019-05-01 14:00:00,0.14315492740197228
2019-05-01 15:00:00,0.13673144222064337
2019-05-01 16:00:00,0.04221697901646593
2019-05-01 17:00:00,0.09079544630726881
2019-05-01 18:00:00,0.028028089148737202
2019-05-01 19:00:00,0.015627896244600044
2019-05-01 20:00:00,0.04621502656800645
2019-05-01 21:00:00,0.026292183720300528
2019-05-01 22:00:00,0.03508390834103537
2019-05-01 23:00:00,-0.011131668893813467
2019-05-02 00:00:00,0.015435577536297203
2019-05-02 01:00:00,-0.0026901541821396004
2019-05-02 02:00:00,0.006902170948918779
2019-05-02 03:00:00,0.00011662635628386121
2019-05-02 04:00:00,0.0018388867416000508
2019-05-02 05:00:00,0.007672174324900171
2019-05-02 06:00:00,0.017458164200050565
2019-05-02 07:00:00,0.035588610565876005
2019-05-02 08:00:00,0.06689829055422
2019-05-02 09:00:00,0.04834667746750233
2019-05-02 10:00:00,0.09501505331752923
2019-05-02 11:00:00,0.14062854068618214
2019-05-02 12:00:00,0.24800244058172294
2019-05-02 13:00:00,0.22804919087172792
2019-05-02 14:00:00,0.15580977717521446
2019-05-02 15:00:00,0.14619819820939392
2019-05-02 16:00:00,0.10491210030376366
2019-05-02 17:00:00,0.1652438310153986
2019-05-02 18:00:00,0.08964044218800088
2019-05-02 19:00:00,0.07439247914322533
2019-05-02 20:00:00,0.08644610335448977
2019-05-02 21:00:00,0.07646471987039799
2019-05-02 22:00:00,0.0456704322253715
2019-05-02 23:00:00,0.028570310716260355
2019-05-03 00:00:00,0.05637483455376423
2019-05-03 01:00:00,0.04695048846522721
2019-05-03 02:00:00,0.03074977604787371
2019-05-03 03:00:00,0.01594412600777086
2019-05-03 04:00:00,0.005312078512535802
2019-05-03 05:00:00,0.008470136122859595
2019-05-03 06:00:00,0.019794935692059624
2019-05-03 07:00:00,0.044909334102905034
2019-05-03 08:00:00,0.028576174209974745
2019-05-03 09:00:00,-0.0007293945457327127
2019-05-03 10:00:00,0.07733285743842619
2019-05-03 11:00:00,0.06305585514785199
2019-05-03 12:00:00,0.1351848724145928
2019-05-03 13:00:00,0.2652395770234539
2019-05-03 14:00:00,0.3513492332053201
2019-05-03 15:00:00,0.4420507382700143
2019-05-03 16:00:00,0.35524608847444183
2019-05-03 17:00:00,0.5031050613473658
2019-05-03 18:00:00,0.27134959167117934
2019-05-03 19:00:00,0.13786261475257824
2019-05-03 20:00:00,0.05215444273942479
2019-05-03 21:00:00,0.013260517634027226
2019-05-03 22:00:00,0.027676684077772584
2019-05-03 23:00:00,0.06372113988911524
2019-05-04 00:00:00,0.007689506625746948
2019-05-04 01:00:00,-0.0008564413717970926
2019-05-04 02:00:00,-0.002863902040069561
2019-05-04 03:00:00,0.0038944363350114693
2019-05-04 04:00:00,0.0035435006822687348
2019-05-04 05:00:00,0.004926875300156163
2019-05-04 06:00:00,0.012328357399753041
2019-05-04 07:00:00,0.03335406945753812
2019-05-04 08:00:00,0.022998498753727108
2019-05-04 09:00:00,0.023318893926054123
2019-05-04 10:00:00,0.07464989552097921
2019-05-04 11:00:00,0.13375160289111143
2019-05-04 12:00:00,0.267164871956127
2019-05-04 13:00:00,0.45531374958948034
2019-05-04 14:00:00,0.49437375494444985
2019-05-04 15:00:00,0.34572188558660677
2019-05-04 16:00:00,0.3941711082938344
2019-05-04 17:00:00,0.06845915700947294
2019-05-04 18:00:00,0.014551736665209952
2019-05-04 19:00:00,0.08007033222960896
2019-05-04 20:00:00,0.08000445258918117
2019-05-04 21:00:00,0.016060101701063836
2019-05-04 22:00:00,0.03052733384149004
2019-05-04 23:00:00,0.018317585338380044
2019-05-05 00:00:00,0.018271060575565292
2019-05-05 01:00:00,-0.0007259159926185808
2019-05-05 02:00:00,-0.0008557855013863777
2019-05-05 03:00:00,-0.005594770400276831
2019-05-05 04:00:00,0.004676982989121735
2019-05-05 05:00:00,-0.0024583498423213015
2019-05-05 06:00:00,0.012667404502189351
2019-05-05 07:00:00,0.026430554607648312
2019-05-05 08:00:00,0.04808159237457359
2019-05-05 09:00:00,0.0746036723733243
2019-05-05 10:00:00,0.09986510704072424
2019-05-05 11:00:00,0.16536309449613634
2019-05-05 12:00:00,0.32574261656849485
2019-05-05 13:00:00,0.3066628490671911
2019-05-05 14:00:00,0.12831450960233187
2019-05-05 15:00:00,0.15532398311480772
2019-05-05 16:00:00,0.1743013965198488
2019-05-05 17:00:00,-0.005372110805609204
2019-05-05 18:00:00,-0.017701870160055318
2019-05-05 19:00:00,0.02265540991259605
2019-05-05 20:00:00,0.013001333444743288
2019-05-05 21:00:00,0.03747633198557579
2019-05-05 22:00:00,0.004413202659393047
2019-05-05 23:00:00,0.009815919416343553
2019-05-06 00:00:00,-0.005334882104072226
2019-05-06 01:00:00,0.003311824988984454
2019-05-06 02:00:00,0.0029713166495286963
2019-05-06 03:00:00,0.0049757673357028
2019-05-06 04:00:00,0.003181749507046985
2019-05-06 05:00:00,0.0033200139062683405
2019-05-06 06:00:00,0.03525130114246634
2019-05-06 07:00:00,0.040853269267735165
2019-05-06 08:00:00,0.07976831903003889
2019-05-06 09:00:00,0.1116122236020847
2019-05-06 10:00:00,0.10779879123315811
2019-05-06 11:00:00,0.24410088340906697
2019-05-06 12:00:00,0.21579783488327905
2019-05-06 13:00:00,0.24137103696627205
2019-05-06 14:00:00,0.12034474943859072
2019-05-06 15:00:00,0.13879837830126338
2019-05-06 16:00:00,0.08241573453700553
2019-05-06 17:00:00,0.08695095457705276
2019-05-06 18:00:00,0.15582359508140237
2019-05-06 19:00:00,0.09789300989595687
2019-05-06 20:00:00,0.037437361502930255
2019-05-06 21:00:00,0.05709015672572888
2019-05-06 22:00:00,0.03409635199694165
2019-05-06 23:00:00,0.00614739114942895
2019-05-07 00:00:00,-0.003367240631835364
2019-05-07 01:00:00,0.0007019497575234542
2019-05-07 02:00:00,0.004841465998885073
2019-05-07 03:00:00,0.003086306623546543
2019-05-07 04:00:00,0.001570178191895424
2019-05-07 05:00:00,0.00653516555586538
2019-05-07 06:00:00,0.03428106884953627
2019-05-07 07:00:00,0.06158626669956217
2019-05-07 08:00:00,0.10342980826988045
2019-05-07 09:00:00,0.08160343796833801
2019-05-07 10:00:00,0.1808795825015038
2019-05-07 11:00:00,0.19498539550983357
2019-05-07 12:00:00,0.16779361231009732
2019-05-07 13:00:00,0.1793274103019157
2019-05-07 14:00:00,0.17533864613444347
2019-05-07 15:00:00,0.2141787729960717
2019-05-07 16:00:00,0.14215483097858583
2019-05-07 17:00:00,0.14405351507199254
2019-05-07 18:00:00,0.07278660734572479
2019-05-07 19:00:00,0.022548911983907988
2019-05-07 20:00:00,0.041435911092557925
2019-05-07 21:00:00,0.03768457624239244
2019-05-07 22:00:00,0.02746969232571931
2019-05-07 23:00:00,0.009289023700600408
2019-05-08 00:00:00,0.02417622461914514
2019-05-08 01:00:00,0.006289865781951619
2019-05-08 02:00:00,0.011124948602246616
2019-05-08 03:00:00,-0.0021414346317794267
2019-05-08 04:00:00,0.005920792296933539
2019-05-08 05:00:00,0.016007983181162613
2019-05-08 06:00:00,0.022171578269141484
2019-05-08 07:00:00,0.06649854921467649
2019-05-08 08:00:00,0.12527325306845719
2019-05-08 09:00:00,0.046081489019551225
2019-05-08 10:00:00,0.11514739465139619
2019-05-08 11:00:00,0.10630262420702966
2019-05-08 12:00:00,0.1411663700056702
2019-05-08 13:00:00,0.06433122354539206
2019-05-08 14:00:00,0.07049165519086517
2019-05-08 15:00:00,0.12268882556605867
2019-05-08 16:00:00,0.007615195786869977
2019-05-08 17:00:00,0.1166779352618028
2019-05-08 18:00:00,0.0648848776983166
2019-05-08 19:00:00,0.053034120471908155
2019-05-08 20:00:00,0.050901582262405744
2019-05-08 21:00:00,0.03507559549200884
2019-05-08 22:00:00,0.004670106467502662
2019-05-08 23:00:00,0.025825735561663572
2019-05-09 00:00:00,0.009150094649542338
2019-05-09 01:00:00,0.03527954927478703
2019-05-09 02:00:00,0.02894154286459602
2019-05-09 03:00:00,0.01613835125594784
2019-05-09 04:00:00,0.02078553344000956
2019-05-09 05:00:00,0.03585038855787583
2019-05-09 06:00:00,0.028803503723582286
2019-05-09 07:00:00,0.04569702940228185
2019-05-09 08:00:00,0.04254493919987696
2019-05-09 09:00:00,0.036861006118992685
2019-05-09 10:00:00,0.06421569163721921
2019-05-09 11:00:00,0.044951239300879256
2019-05-09 12:00:00,0.04867869903987916
2019-05-09 13:00:00,0.04640074884553339
2019-05-09 14:00:00,0.12360400904181618
2019-05-09 15:00:00,0.09827937731134145
2019-05-09 16:00:00,0.0481610979401204
2019-05-09 17:00:00,0.053313854125663813
2019-05-09 18:00:00,0.03814259322835792
2019-05-09 19:00:00,0.03508130469898042
2019-05-09 20:00:00,0.05203819050319818
2019-05-09 21:00:00,0.021005663638524845
2019-05-09 22:00:00,0.019771478118396524
2019-05-09 23:00:00,0.028583794758614667
2019-05-10 00:00:00,0.022193900778754983
2019-05-10 01:00:00,0.01648590407372051
2019-05-10 02:00:00,0.014203175894901249
2019-05-10 03:00:00,0.010526519131180419
2019-05-10 04:00:00,0.02417944724373369
2019-05-10 05:00:00,-0.0031177604044676354
2019-05-10 06:00:00,0.011721032526218426
2019-05-10 07:00:00,0.026769537528808764
2019-05-10 08:00:00,0.018217947873417087
2019-05-10 09:00:00,0.009420591051419491
2019-05-10 10:00:00,0.03352762346739252
2019-05-10 11:00:00,0.02350494496761598
2019-05-10 12:00:00,0.02900209350483438
2019-05-10 13:00:00,0.08213999487461932
2019-05-10 14:00:00,0.15046196057131014
2019-05-10 15:00:00,0.42130867681326545
2019-05-10 16:00:00,0.4115738932496681
2019-05-10 17:00:00,0.5043878282043038
2019-05-10 18:00:00,0.2962304323882424
2019-05-10 19:00:00,0.1024101351642526
2019-05-10 20:00:00,0.04012952172228823
2019-05-10 21:00:00,0.040665055401737635
2019-05-10 22:00:00,0.016088437061792023
2019-05-10 23:00:00,0.03186887308207259
2019-05-11 00:00:00,0.03537162980457372
2019-05-11 01:00:00,0.05673478865248188
2019-05-11 02:00:00,0.01749255613073466
2019-05-11 03:00:00,0.0193246673285802
2019-05-11 04:00:00,0.015363862926092934
2019-05-11 05:00:00,-0.008310889264073387
2019-05-11 06:00:00,0.0065273736571197765
2019-05-11 07:00:00,0.00492022722178392
2019-05-11 08:00:00,0.0012608366882362098
2019-05-11 09:00:00,-0.0011989072069324052
2019-05-11 10:00:00,0.028851172526344067
2019-05-11 11:00:00,0.11290296077642165
2019-05-11 12:00:00,0.13284344761982825
2019-05-11 13:00:00,0.4264774024857367
2019-05-11 14:00:00,0.5008326952300921
2019-05-11 15:00:00,0.3566755236452758
2019-05-11 16:00:00,0.4078356908860762
2019-05-11 17:00:00,0.0300221937993686
2019-05-11 18:00:00,0.06352718021805626
2019-05-11 19:00:00,0.05792668240685955
2019-05-11 20:00:00,0.06052811022503186
2019-05-11 21:00:00,0.005594426924000945
2019-05-11 22:00:00,0.04359385728183843
2019-05-11 23:00:00,0.021410168268687704
2019-05-12 00:00:00,0.041874847361732526
2019-05-12 01:00:00,-0.012221590789022508
2019-05-12 02:00:00,0.0011004355922902137
2019-05-12 03:00:00,-0.0017877010473325641
2019-05-12 04:00:00,-0.0001887523541073085
2019-05-12 05:00:00,0.0012178239783555977
2019-05-12 06:00:00,0.005182956023815323
2019-05-12 07:00:00,0.010703357816193002
2019-05-12 08:00:00,0.05521778242201564
2019-05-12 09:00:00,0.08612175260490267
2019-05-12 10:00:00,0.10591993254339627
2019-05-12 11:00:00,0.0844214490327347
2019-05-12 12:00:00,0.26813992123692254
2019-05-12 13:00:00,0.16197955641462863
2019-05-12 14:00:00,0.293725802437001
2019-05-12 15:00:00,0.2537621806938535
2019-05-12 16:00:00,0.19452380011560988
2019-05-12 17:00:00,0.07888873755590066
2019-05-12 18:00:00,0.010371993932248094
2019-05-12 19:00:00,0.23651083613233825
2019-05-12 20:00:00,0.17883356724680508
2019-05-12 21:00:00,0.03808982762167462
2019-05-12 22:00:00,0.02179011597340489
2019-05-12 23:00:00,0.014568305180632833
2019-05-13 00:00:00,0.0240108902784658
2019-05-13 01:00:00,0.002772268816812756
2019-05-13 02:00:00,0.003235006612778011
2019-05-13 03:00:00,0.007123801187836468
2019-05-13 04:00:00,-0.0031264479136931117
2019-05-13 05:00:00,0.0035510116095807407
2019-05-13 06:00:00,0.013377649888758347
2019-05-13 07:00:00,0.062066876472556765
2019-05-13 08:00:00,0.08003493781940235
2019-05-13 09:00:00,0.09575456015409056
2019-05-13 10:00:00,0.12308544985823466
2019-05-13 11:00:00,0.0839805180655492
2019-05-13 12:00:00,0.2652471593917597
2019-05-13 13:00:00,0.19786967762834104
2019-05-13 14:00:00,0.23498691587551016
2019-05-13 15:00:00,0.13420406440011368
2019-05-13 16:00:00,0.09289075657076074
2019-05-13 17:00:00,0.0983038961829404
2019-05-13 18:00:00,0.2212914699630632
2019-05-13 19:00:00,0.13873643756334184
2019-05-13 20:00:00,-0.02191669344423812
2019-05-13 21:00:00,0.018033757697628126
2019-05-13 22:00:00,0.03236935059682582
2019-05-13 23:00:00,0.02011271488731153
2019-05-14 00:00:00,0.005782736924030939
2019-05-14 01:00:00,0.00790467243824789
2019-05-14 02:00:00,0.00994601967948199
2019-05-14 03:00:00,0.0031268118092272956
2019-05-14 04:00:00,0.005157375475448254
2019-05-14 05:00:00,0.003675454223078951
2019-05-14 06:00:00,0.030463136428718052
2019-05-14 07:00:00,0.07295813088117031
2019-05-14 08:00:00,0.09531331573159982
2019-05-14 09:00:00,0.04569983665830872
2019-05-14 10:00:00,0.1245858056674382
2019-05-14 11:00:00,0.1633087398245759
2019-05-14 12:00:00,0.2594151384903221
2019-05-14 13:00:00,0.1743174663300248
2019-05-14 14:00:00,0.20007053935595182
2019-05-14 15:00:00,0.19615040425983707
2019-05-14 16:00:00,0.16855128210024867
2019-05-14 17:00:00,0.08638201978824822
2019-05-14 18:00:00,0.2713644793674423
2019-05-14 19:00:00,0.02970245305836955
2019-05-14 20:00:00,0.05068309256936154
2019-05-14 21:00:00,0.0570318782169249
2019-05-14 22:00:00,0.028786153359421467
2019-05-14 23:00:00,0.004156058552869844
2019-05-15 00:00:00,0.01346512535503807
2019-05-15 01:00:00,0.004021558560120053
2019-05-15 02:00:00,0.002338360698243811
2019-05-15 03:00:00,-0.002336234264131527
2019-05-15 04:00:00,-0.0011217985633634833
2019-05-15 05:00:00,0.009511633643320687
2019-05-15 06:00:00,0.02425616495135579
2019-05-15 07:00:00,0.05291653427766206
2019-05-15 08:00:00,0.11288993766428974
2019-05-15 09:00:00,0.06964742381364782
2019-05-15 10:00:00,0.13195300132768265
2019-05-15 11:00:00,0.15099282963372454
2019-05-15 12:00:00,0.150078899061359
2019-05-15 13:00:00,0.19543128516659128
2019-05-15 14:00:00,0.20692605827814126
2019-05-15 15:00:00,0.17590297286766243
2019-05-15 16:00:00,0.11465289036613649
2019-05-15 17:00:00,0.11434567577109571
2019-05-15 18:00:00,0.14599312968203876
2019-05-15 19:00:00,0.21163702480607266
2019-05-15 20:00:00,0.08860376871625568
2019-05-15 21:00:00,0.030533921756739996
2019-05-15 22:00:00,0.016357084073106144
2019-05-15 23:00:00,0.005230934151483336
2019-05-16 00:00:00,0.02470879723287731
2019-05-16 01:00:00,0.010499002232491415
2019-05-16 02:00:00,0.00607334141889599
2019-05-16 03:00:00,0.005278082041205003
2019-05-16 04:00:00,-0.0020355404646521984
2019-05-16 05:00:00,0.006992333891858374
2019-05-16 06:00:00,0.01789906809107715
2019-05-16 07:00:00,0.056385545720745
2019-05-16 08:00:00,0.05238571692729506
2019-05-16 09:00:00,0.1055176370026774
2019-05-16 10:00:00,0.36486070429413814
2019-05-16 11:00:00,0.2360885972695989
2019-05-16 12:00:00,0.443404870968618
2019-05-16 13:00:00,0.27875364635765826
2019-05-16 14:00:00,0.22308801933915737
2019-05-16 15:00:00,0.22739456297756278
2019-05-16 16:00:00,0.11690277287371709
2019-05-16 17:00:00,0.13896224879893593
2019-05-16 18:00:00,0.2524541972038864
2019-05-16 19:00:00,0.11948535635353702
2019-05-16 20:00:00,-0.04124471148417695
2019-05-16 21:00:00,0.06603265615484175
2019-05-16 22:00:00,0.06915898029294872
2019-05-16 23:00:00,0.02535966549951993
2019-05-17 00:00:00,0.018486599012763186
2019-05-17 01:00:00,0.016089585658955144
2019-05-17 02:00:00,0.02939356793229614
2019-05-17 03:00:00,-0.0023563093817451797
2019-05-17 04:00:00,0.009252693873999391
2019-05-17 05:00:00,0.009950157075667364
2019-05-17 06:00:00,0.014631967081059932
2019-05-17 07:00:00,0.035564552689442336
2019-05-17 08:00:00,0.05750902637979235
2019-05-17 09:00:00,0.18080891257912582
2019-05-17 10:00:00,0.011283884859951455
2019-05-17 11:00:00,0.20629928722805235
2019-05-17 12:00:00,0.11177593781825279
2019-05-17 13:00:00,0.15490967410025214
2019-05-17 14:00:00,0.2633658565167006
2019-05-17 15:00:00,0.36481936980381613
2019-05-17 16:00:00,0.3254218215829887
2019-05-17 17:00:00,0.2277331786980631
2019-05-17 18:00:00,0.2857727054454859
2019-05-17 19:00:00,0.05918499722351926
2019-05-17 20:00:00,0.03338895267422873
2019-05-17 21:00:00,0.0606124681507964
2019-05-17 22:00:00,-0.0022241369010201906
2019-05-17 23:00:00,0.040192873606131344
2019-05-18 00:00:00,0.037828278854803804
2019-05-18 01:00:00,0.01861608729020943
2019-05-18 02:00:00,0.003242043968821516
2019-05-18 03:00:00,0.004571800763035564
2019-05-18 04:00:00,0.011641245960814431
2019-05-18 05:00:00,0.0037831153855454967
2019-05-18 06:00:00,0.003189878131112562
2019-05-18 07:00:00,0.010252404669161323
2019-05-18 08:00:00,0.034109569163206975
2019-05-18 09:00:00,0.16227137939943312
2019-05-18 10:00:00,-0.013329063234725474
2019-05-18 11:00:00,0.17125269452660422
2019-05-18 12:00:00,0.10360009189310421
2019-05-18 13:00:00,0.1674798820357835
2019-05-18 14:00:00,0.24894841564828063
2019-05-18 15:00:00,0.3094115737313424
2019-05-18 16:00:00,0.306385231496944
2019-05-18 17:00:00,0.2797389231516019
2019-05-18 18:00:00,0.1616569446773218
2019-05-18 19:00:00,0.1363241169602929
2019-05-18 20:00:00,0.0715994344021273
2019-05-18 21:00:00,0.07445767848125609
2019-05-18 22:00:00,0.010853079816532656
2019-05-18 23:00:00,0.022539947858396532
2019-05-19 00:00:00,-0.0047041770023655925
2019-05-19 01:00:00,0.012461537499893184
2019-05-19 02:00:00,-0.016078318548730357
2019-05-19 03:00:00,0.011628909078093512
2019-05-19 04:00:00,-0.002904841769456218
2019-05-19 05:00:00,-0.004275326105458148
2019-05-19 06:00:00,0.00015583422675630176
2019-05-19 07:00:00,0.01638454110244939
2019-05-19 08:00:00,0.024639277705044035
2019-05-19 09:00:00,0.06995680980383036
2019-05-19 10:00:00,0.0324527461233185
2019-05-19 11:00:00,0.09902433725629713
2019-05-19 12:00:00,0.16248936166186978
2019-05-19 13:00:00,0.17092845732888656
2019-05-19 14:00:00,0.26690820715793784
2019-05-19 15:00:00,0.2681774420656061
2019-05-19 16:00:00,0.14479640942301836
2019-05-19 17:00:00,0.056609393750890996
2019-05-19 18:00:00,0.07407440140275955
2019-05-19 19:00:00,0.05680442785647291
2019-05-19 20:00:00,0.017882891199023643
2019-05-19 21:00:00,0.02540999892619345
2019-05-19 22:00:00,0.026634147669285527
2019-05-19 23:00:00,0.018318185692427207
2019-05-20 00:00:00,-0.004284865282391137
2019-05-20 01:00:00,0.0037633603066219708
2019-05-20 02:00:00,-0.002680052224663766
2019-05-20 03:00:00,0.00810316745544826
2019-05-20 04:00:00,-0.002522722816476664
2019-05-20 05:00:00,-0.0013185083022836301
2019-05-20 06:00:00,0.018334025817974806
2019-05-20 07:00:00,0.026541246283103018
2019-05-20 08:00:00,0.05090266796002587
2019-05-20 09:00:00,0.042387403188414136
2019-05-20 10:00:00,0.12062760987744739
2019-05-20 11:00:00,0.14722433615771702
2019-05-20 12:00:00,0.17241508214190737
2019-05-20 13:00:00,0.18373429524508048
2019-05-20 14:00:00,0.22488248210890632
2019-05-20 15:00:00,0.1942188642474858
2019-05-20 16:00:00,0.1850266146705206
2019-05-20 17:00:00,0.13567977953419408
2019-05-20 18:00:00,0.16142703326985752
2019-05-20 19:00:00,0.05871412122528713
2019-05-20 20:00:00,0.08194673403812938
2019-05-20 21:00:00,0.0990525839743956
2019-05-20 22:00:00,0.041600058018999464
2019-05-20 23:00:00,0.023650251949133283
2019-05-21 00:00:00,0.03812410306492636
2019-05-21 01:00:00,0.05278653095967258
2019-05-21 02:00:00,0.018661685975949166
2019-05-21 03:00:00,0.009954304287836125
2019-05-21 04:00:00,2.789338330006282e-05
2019-05-21 05:00:00,0.009411588719102339
2019-05-21 06:00:00,0.018705040021143156
2019-05-21 07:00:00,0.01674444068564075
2019-05-21 08:00:00,0.056712997341885604
2019-05-21 09:00:00,0.005366878832179625
2019-05-21 10:00:00,0.08750576140842953
2019-05-21 11:00:00,0.05085031779772936
2019-05-21 12:00:00,0.08202183043736937
2019-05-21 13:00:00,0.09033797367150764
2019-05-21 14:00:00,0.11391984309141401
2019-05-21 15:00:00,0.16970608728058473
2019-05-21 16:00:00,0.16646370259622226
2019-05-21 17:00:00,0.13556965667487114
2019-05-21 18:00:00,0.15955077811119014
2019-05-21 19:00:00,0.09269006142911536
2019-05-21 20:00:00,0.08827748809773872
2019-05-21 21:00:00,0.08578744888471415
2019-05-21 22:00:00,0.028615649738138224
2019-05-21 23:00:00,0.04618641911627194
2019-05-22 00:00:00,0.05008849896075539
2019-05-22 01:00:00,-0.011233029461486767
2019-05-22 02:00:00,0.0005475006056555615
2019-05-22 03:00:00,-0.0048518626351765765
2019-05-22 04:00:00,0.0037479855848701876
2019-05-22 05:00:00,0.007442326669913114
2019-05-22 06:00:00,0.003141812860630756
2019-05-22 07:00:00,0.010392795990874393
2019-05-22 08:00:00,0.03729577526675346
2019-05-22 09:00:00,0.0539905979023295
2019-05-22 10:00:00,0.10236120499947934
2019-05-22 11:00:00,0.09804210282898193
2019-05-22 12:00:00,0.09626733879529532
2019-05-22 13:00:00,0.14951363620600774
2019-05-22 14:00:00,0.20708294294534907
2019-05-22 15:00:00,0.18858649755359086
2019-05-22 16:00:00,0.13857694900767517
2019-05-22 17:00:00,0.130283081669528
2019-05-22 18:00:00,0.07783173491574805
2019-05-22 19:00:00,0.06244132947980527
2019-05-22 20:00:00,0.10315425471367848
2019-05-22 21:00:00,0.00841184107054354
2019-05-22 22:00:00,0.06540278320792926
2019-05-22 23:00:00,0.010937994581011516
2019-05-23 00:00:00,0.01424222603944663
2019-05-23 01:00:00,-0.012027020853158737
2019-05-23 02:00:00,0.003076352543823607
2019-05-23 03:00:00,-0.0025388733508700284
2019-05-23 04:00:00,0.004667226065759443
2019-05-23 05:00:00,0.003790356405426896
2019-05-23 06:00:00,0.006293071048029472
2019-05-23 07:00:00,0.014760711702957428
2019-05-23 08:00:00,0.031678903837828266
2019-05-23 09:00:00,0.052943851996446974
2019-05-23 10:00:00,0.07099630115562357
2019-05-23 11:00:00,0.08828263417062478
2019-05-23 12:00:00,0.0976639917000518
2019-05-23 13:00:00,0.08541224444726982
2019-05-23 14:00:00,0.12029947312105142
2019-05-23 15:00:00,0.16252330777720037
2019-05-23 16:00:00,0.21835628806320714
2019-05-23 17:00:00,0.137403506412825
2019-05-23 18:00:00,0.18954104213686254
2019-05-23 19:00:00,0.11922713855232137
2019-05-23 20:00:00,0.11600599800633053
2019-05-23 21:00:00,0.04753657682709707
2019-05-23 22:00:00,0.06795047561441026
2019-05-23 23:00:00,0.028887396478638583
2019-05-24 00:00:00,0.018285680358881302
2019-05-24 01:00:00,0.03400776957631596
2019-05-24 02:00:00,0.02233393647072192
2019-05-24 03:00:00,0.037136589555191876
2019-05-24 04:00:00,0.011787604821245445
2019-05-24 05:00:00,0.0197326566574851
2019-05-24 06:00:00,0.013465188569912417
2019-05-24 07:00:00,0.02142737799592364
2019-05-24 08:00:00,0.014814893846509358
2019-05-24 09:00:00,0.05035054981401419
2019-05-24 10:00:00,0.021590368827662673
2019-05-24 11:00:00,0.1117491355520675
2019-05-24 12:00:00,0.17869067055247695
2019-05-24 13:00:00,0.34228579863494896
2019-05-24 14:00:00,0.43710869445070444
2019-05-24 15:00:00,0.4469733912426832
2019-05-24 16:00:00,0.33305905217843623
2019-05-24 17:00:00,0.19437673364638575
2019-05-24 18:00:00,0.15273231535327714
2019-05-24 19:00:00,0.13153385931246644
2019-05-24 20:00:00,0.04493932419770568
2019-05-24 21:00:00,0.07297110012428008
2019-05-24 22:00:00,-0.01424376809149143
2019-05-24 23:00:00,0.013461427675252671
2019-05-25 00:00:00,0.03521439907894922
2019-05-25 01:00:00,0.016383458090741713
2019-05-25 02:00:00,0.016487288823208476
2019-05-25 03:00:00,0.0041170282506643105
2019-05-25 04:00:00,0.012350288899420376
2019-05-25 05:00:00,0.002406240435755276
2019-05-25 06:00:00,-0.0019390321677113756
2019-05-25 07:00:00,0.010140120767113254
2019-05-25 08:00:00,0.010157226016512033
2019-05-25 09:00:00,0.03319240919057382
2019-05-25 10:00:00,0.07714969621592191
2019-05-25 11:00:00,0.10148685062391877
2019-05-25 12:00:00,0.2693193631750899
2019-05-25 13:00:00,0.34801250769300063
2019-05-25 14:00:00,0.38301721714883963
2019-05-25 15:00:00,0.3837654456106371
2019-05-25 16:00:00,0.3015332661319896
2019-05-25 17:00:00,0.2565691208894731
2019-05-25 18:00:00,0.17248231240312123
2019-05-25 19:00:00,0.06833037047941574
2019-05-25 20:00:00,0.03821629190587385
2019-05-25 21:00:00,0.03624413824637663
2019-05-25 22:00:00,-0.008750382750893387
2019-05-25 23:00:00,0.013709873215209428
2019-05-26 00:00:00,0.012302896405970973
2019-05-26 01:00:00,-0.008733574125043985
2019-05-26 02:00:00,0.016240759076089174
2019-05-26 03:00:00,-0.005059100203836771
2019-05-26 04:00:00,-0.0013108768297436643
2019-05-26 05:00:00,-0.0005353087662502337
2019-05-26 06:00:00,0.010541976626006904
2019-05-26 07:00:00,0.01460981752400527
2019-05-26 08:00:00,0.03751606900980822
2019-05-26 09:00:00,0.07514021572166646
2019-05-26 10:00:00,0.11937888032718759
2019-05-26 11:00:00,0.15488791102083044
2019-05-26 12:00:00,0.2891872540157556
2019-05-26 13:00:00,0.31071384999285506
2019-05-26 14:00:00,0.3268914113688781
2019-05-26 15:00:00,0.11689331033689683
2019-05-26 16:00:00,0.10963803582607819
2019-05-26 17:00:00,0.09897374240538201
2019-05-26 18:00:00,0.003877357606948552
2019-05-26 19:00:00,0.007909120910683881
2019-05-26 20:00:00,0.04114839553218398
2019-05-26 21:00:00,0.009559490351868448
2019-05-26 22:00:00,0.03611922152567652
2019-05-26 23:00:00,0.024501138191078443
2019-05-27 00:00:00,0.012917723367848378
2019-05-27 01:00:00,-0.0012058683122826439
2019-05-27 02:00:00,0.01067551175584942
2019-05-27 03:00:00,-0.0009567803626030864
2019-05-27 04:00:00,-0.0018798879263522746
2019-05-27 05:00:00,0.008122740115872919
2019-05-27 06:00:00,0.01188769979598173
2019-05-27 07:00:00,0.03806692766940015
2019-05-27 08:00:00,0.06181195913935268
2019-05-27 09:00:00,0.06718531027434098
2019-05-27 10:00:00,0.10337882039815718
2019-05-27 11:00:00,0.1480462161135841
2019-05-27 12:00:00,0.2058728922533365
2019-05-27 13:00:00,0.21498044142817904
2019-05-27 14:00:00,0.22422073929654393
2019-05-27 15:00:00,0.14075927050059586
2019-05-27 16:00:00,0.14794688841085182
2019-05-27 17:00:00,0.09847421565543309
2019-05-27 18:00:00,0.04794443647128041
2019-05-27 19:00:00,0.11885411278152132
2019-05-27 20:00:00,0.05607343871996666
2019-05-27 21:00:00,0.06192553685852062
2019-05-27 22:00:00,0.028424173480265127
2019-05-27 23:00:00,0.02849889939644443
2019-05-28 00:00:00,0.0060020848585851366
2019-05-28 01:00:00,0.0007554315781869314
2019-05-28 02:00:00,0.0011237542753648258
2019-05-28 03:00:00,0.0027490825317092317
2019-05-28 04:00:00,0.0009951622139811405
2019-05-28 05:00:00,0.013831325613004136
2019-05-28 06:00:00,0.02325830079683399
2019-05-28 07:00:00,0.04987189056500099
2019-05-28 08:00:00,0.06537476913311856
2019-05-28 09:00:00,0.07295886141070938
2019-05-28 10:00:00,0.07351864619641282
2019-05-28 11:00:00,0.1425113538688181
2019-05-28 12:00:00,0.22008631989377445
2019-05-28 13:00:00,0.2500223800232322
2019-05-28 14:00:00,0.20576770163034513
2019-05-28 15:00:00,0.1777477384095569
2019-05-28 16:00:00,0.10049626486814661
2019-05-28 17:00:00,0.050863183165254185
2019-05-28 18:00:00,0.09470299130653012
2019-05-28 19:00:00,0.1039991559672021
2019-05-28 20:00:00,0.060153597524881024
2019-05-28 21:00:00,0.051440043946806055
2019-05-28 22:00:00,0.00900842027389917
2019-05-28 23:00:00,0.03283488899932696
2019-05-29 00:00:00,0.01346391127392323
2019-05-29 01:00:00,0.008765146272705367
2019-05-29 02:00:00,0.00951415625759943
2019-05-29 03:00:00,0.006274445646908917
2019-05-29 04:00:00,0.0015815638242357018
2019-05-29 05:00:00,0.013860414948341131
2019-05-29 06:00:00,0.025722288316620993
2019-05-29 07:00:00,0.0195777096077161
2019-05-29 08:00:00,0.045972622109486196
2019-05-29 09:00:00,0.02910488385209719
2019-05-29 10:00:00,0.04580741989807356
2019-05-29 11:00:00,0.10541302309290443
2019-05-29 12:00:00,0.08508722804066603
2019-05-29 13:00:00,0.07858606756074579
2019-05-29 14:00:00,0.049836177861267615
2019-05-29 15:00:00,0.05700586663243023
2019-05-29 16:00:00,0.04280241379610112
2019-05-29 17:00:00,0.050122661757815136
2019-05-29 18:00:00,0.12430440692172526
2019-05-29 19:00:00,0.050127389782566985
2019-05-29 20:00:00,0.045899297033122094
2019-05-29 21:00:00,0.04928998263386479
2019-05-29 22:00:00,0.05490679533280257
2019-05-29 23:00:00,0.09601726117667392
2019-05-30 00:00:00,0.16228721447188735
2019-05-30 01:00:00,0.07533591357787527
2019-05-30 02:00:00,0.05506582502349888
2019-05-30 03:00:00,0.06684572874052926
2019-05-30 04:00:00,0.0250019321690476
2019-05-30 05:00:00,0.01745447187007163
2019-05-30 06:00:00,0.015241023728004151
2019-05-30 07:00:00,0.00895310752061307
2019-05-30 08:00:00,0.02873413398058665
2019-05-30 09:00:00,0.014315588428108829
2019-05-30 10:00:00,0.02899480369380735
2019-05-30 11:00:00,0.0765944805882995
2019-05-30 12:00:00,0.06593218383789229
2019-05-30 13:00:00,0.14832227919729984
2019-05-30 14:00:00,0.2979427062335383
2019-05-30 15:00:00,0.26834844005820024
2019-05-30 16:00:00,0.25999990173967585
2019-05-30 17:00:00,0.2140177229329005
2019-05-30 18:00:00,0.17595260586666556
2019-05-30 19:00:00,0.12420037800716106
2019-05-30 20:00:00,0.07451696907689898
2019-05-30 21:00:00,0.05034462890530805
2019-05-30 22:00:00,0.10852177142291226
2019-05-30 23:00:00,0.11898151957151723
2019-05-31 00:00:00,-0.021843554484523194
2019-05-31 01:00:00,0.02063946736509721
2019-05-31 02:00:00,0.03544228568942058
2019-05-31 03:00:00,-0.007686722547727572
2019-05-31 04:00:00,0.01180685221094544
2019-05-31 05:00:00,0.0016503199343261745
2019-05-31 06:00:00,0.0074201481854244515
2019-05-31 07:00:00,0.0001982974044926933
2019-05-31 08:00:00,0.006245274313836548
2019-05-31 09:00:00,0.0033702953559294757
2019-05-31 10:00:00,0.008185605040965232
2019-05-31 11:00:00,0.03385582595499118
2019-05-31 12:00:00,0.11252570709656941
2019-05-31 13:00:00,0.1932442155117035
2019-05-31 14:00:00,0.2707609588183323
2019-05-31 15:00:00,0.42374952439592195
2019-05-31 16:00:00,0.3829095775649963
2019-05-31 17:00:00,0.36594446828687566
2019-05-31 18:00:00,0.31538574496636607
2019-05-31 19:00:00,0.29852343207054444
2019-05-31 20:00:00,0.19346930765348566
2019-05-31 21:00:00,0.22150495842704532
2019-05-31 22:00:00,0.09828816917307374
2019-05-31 23:00:00,0.12433933951339489
2019-06-01 00:00:00,-0.01015992130908823
2019-06-01 01:00:00,0.04502212146775679
2019-06-01 02:00:00,0.03105140483093548
2019-06-01 03:00:00,-0.0021716809889461113
2019-06-01 04:00:00,0.006737684888528321
2019-06-01 05:00:00,0.0024205695859670483
2019-06-01 06:00:00,0.0013385149498020468
2019-06-01 07:00:00,0.00011359366975398745
2019-06-01 08:00:00,0.011736362908372894
2019-06-01 09:00:00,0.010610956174078739
2019-06-01 10:00:00,0.04990293300568012
2019-06-01 11:00:00,0.09719256964657691
2019-06-01 12:00:00,0.27650372984833516
2019-06-01 13:00:00,0.6824654823547324
2019-06-01 14:00:00,0.6733424601297608
2019-06-01 15:00:00,0.3790183019615674
2019-06-01 16:00:00,0.33218998508555286
2019-06-01 17:00:00,0.22886449171594628
2019-06-01 18:00:00,0.1957543437409875
2019-06-01 19:00:00,0.15439548490916344
2019-06-01 20:00:00,0.07011719227136928
2019-06-01 21:00:00,-0.016265287660979254
2019-06-01 22:00:00,0.04099750898593442
2019-06-01 23:00:00,0.007595041805920216
2019-06-02 00:00:00,0.011654217710187053
2019-06-02 01:00:00,0.013944212119112887
2019-06-02 02:00:00,0.009360256710814419
2019-06-02 03:00:00,0.021059151094362287
2019-06-02 04:00:00,-0.005465354345686686
2019-06-02 05:00:00,-0.001542119337013524
2019-06-02 06:00:00,0.0032625798986729163
2019-06-02 07:00:00,0.002064503416950068
2019-06-02 08:00:00,0.008119437215992797
2019-06-02 09:00:00,0.03360371284399435
2019-06-02 10:00:00,0.04820032042278061
2019-06-02 11:00:00,0.15336674946757947
2019-06-02 12:00:00,0.2940466678893229
2019-06-02 13:00:00,0.25431481298121794
2019-06-02 14:00:00,0.14561994070476456
2019-06-02 15:00:00,0.15052667743627787
2019-06-02 16:00:00,0.19932787557927187
2019-06-02 17:00:00,0.08467795138694312
2019-06-02 18:00:00,0.218912624057447
2019-06-02 19:00:00,0.06810593704861424
2019-06-02 20:00:00,0.10970008996857088
2019-06-02 21:00:00,0.04652512464711528
2019-06-02 22:00:00,0.046672358475191904
2019-06-02 23:00:00,0.0011695654757070476
2019-06-03 00:00:00,0.02423838836070386
2019-06-03 01:00:00,0.00039547766257435127
2019-06-03 02:00:00,0.00455197757849228
2019-06-03 03:00:00,-0.00230695285520209
2019-06-03 04:00:00,-0.004777183337484913
2019-06-03 05:00:00,0.004166856215357935
2019-06-03 06:00:00,0.009090882471510565
2019-06-03 07:00:00,0.03221102362337929
2019-06-03 08:00:00,0.06649723854128682
2019-06-03 09:00:00,0.08663778412877599
2019-06-03 10:00:00,0.16037134904429765
2019-06-03 11:00:00,0.21370463090918035
2019-06-03 12:00:00,0.3763304793283993
2019-06-03 13:00:00,0.20887281219478995
2019-06-03 14:00:00,0.12313924267177878
2019-06-03 15:00:00,0.16906059494368691
2019-06-03 16:00:00,0.2372706059012925
2019-06-03 17:00:00,0.16886593895186097
2019-06-03 18:00:00,0.22425835354342966
2019-06-03 19:00:00,0.04917243816215776
2019-06-03 20:00:00,0.10068573105416637
2019-06-03 21:00:00,0.06352457234002926
2019-06-03 22:00:00,0.02876251137448621
2019-06-03 23:00:00,0.11511821818778813
2019-06-04 00:00:00,0.0019611632824052955
2019-06-04 01:00:00,0.0006022489464965275
2019-06-04 02:00:00,0.010377244639996555
2019-06-04 03:00:00,-0.004889073938781697
2019-06-04 04:00:00,0.0023230128114857403
2019-06-04 05:00:00,0.007466793037422653
2019-06-04 06:00:00,0.031411814530849944
2019-06-04 07:00:00,0.05585212320617928
2019-06-04 08:00:00,0.07654711218321103
2019-06-04 09:00:00,0.1139703493588224
2019-06-04 10:00:00,0.0957594703389225
2019-06-04 11:00:00,0.15051898625938115
2019-06-04 12:00:00,0.11896898095848496
2019-06-04 13:00:00,0.1821016233736686
2019-06-04 14:00:00,0.23464844112942362
2019-06-04 15:00:00,0.23443978642409877
2019-06-04 16:00:00,0.24222602945605598
2019-06-04 17:00:00,0.12146837153749467
2019-06-04 18:00:00,0.1247576741699008
2019-06-04 19:00:00,0.06160003146529422
2019-06-04 20:00:00,0.09754905284356295
2019-06-04 21:00:00,0.044092979571967485
2019-06-04 22:00:00,0.09201528755750121
2019-06-04 23:00:00,-0.01733481828754599
2019-06-05 00:00:00,0.02468675966039758
2019-06-05 01:00:00,0.022632460898095966
2019-06-05 02:00:00,0.009498576797960314
2019-06-05 03:00:00,6.145747954738965e-05
2019-06-05 04:00:00,0.006558491250156042
2019-06-05 05:00:00,0.013549789564593625
2019-06-05 06:00:00,0.030513377823095374
2019-06-05 07:00:00,0.04836885063795518
2019-06-05 08:00:00,0.052326410319487926
2019-06-05 09:00:00,0.12245808076356238
2019-06-05 10:00:00,0.10178000260194825
2019-06-05 11:00:00,0.27269692602544066
2019-06-05 12:00:00,0.2352541299802955
2019-06-05 13:00:00,0.19061183739096518
2019-06-05 14:00:00,0.18468738694493506
2019-06-05 15:00:00,0.16525324798937305
2019-06-05 16:00:00,0.11201085566451616
2019-06-05 17:00:00,0.07737965054318263
2019-06-05 18:00:00,0.061593978771138806
2019-06-05 19:00:00,0.11051103841329213
2019-06-05 20:00:00,0.07757700909378444
2019-06-05 21:00:00,0.04058475008460902
2019-06-05 22:00:00,0.08674136111930669
2019-06-05 23:00:00,-0.012869193931231093
2019-06-06 00:00:00,0.017539987194668483
2019-06-06 01:00:00,0.00013477433626983212
2019-06-06 02:00:00,-0.00393956394066075
2019-06-06 03:00:00,0.006354113002532958
2019-06-06 04:00:00,0.00015562953690420427
2019-06-06 05:00:00,0.010157542874864648
2019-06-06 06:00:00,0.014084995187381344
2019-06-06 07:00:00,0.044646759880463766
2019-06-06 08:00:00,0.04591920695547053
2019-06-06 09:00:00,0.037261445508893334
2019-06-06 10:00:00,0.13405227732847577
2019-06-06 11:00:00,0.1584166338047844
2019-06-06 12:00:00,0.035630114316581044
2019-06-06 13:00:00,0.20496565969159075
2019-06-06 14:00:00,0.1836205544689208
2019-06-06 15:00:00,0.16069314695918563
2019-06-06 16:00:00,0.19071593105472046
2019-06-06 17:00:00,0.1834539281832185
2019-06-06 18:00:00,0.15975192805973337
2019-06-06 19:00:00,0.09766821700439962
2019-06-06 20:00:00,0.0962361375451365
2019-06-06 21:00:00,0.10386978649327766
2019-06-06 22:00:00,0.10816907526711805
2019-06-06 23:00:00,0.09019896519255914
2019-06-07 00:00:00,0.032480731051083685
2019-06-07 01:00:00,0.04808164929497196
2019-06-07 02:00:00,0.027460105016201226
2019-06-07 03:00:00,0.028935126291575852
2019-06-07 04:00:00,0.012940797300178445
2019-06-07 05:00:00,0.011582402532814184
2019-06-07 06:00:00,0.010565584156394723
2019-06-07 07:00:00,0.026966236389349717
2019-06-07 08:00:00,0.060430476341131974
2019-06-07 09:00:00,0.04925025925875456
2019-06-07 10:00:00,0.15437464136620915
2019-06-07 11:00:00,0.22133187959996284
2019-06-07 12:00:00,0.20825997178873734
2019-06-07 13:00:00,0.3899178522311024
2019-06-07 14:00:00,0.38891742634551507
2019-06-07 15:00:00,0.2169034900480093
2019-06-07 16:00:00,0.3092029206263277
2019-06-07 17:00:00,0.2722807078606989
2019-06-07 18:00:00,0.17776403580284383
2019-06-07 19:00:00,0.1754631629458734
2019-06-07 20:00:00,0.19679609280572757
2019-06-07 21:00:00,0.2190409114658442
2019-06-07 22:00:00,0.04983078885900932
2019-06-07 23:00:00,0.048124261072876255
2019-06-08 00:00:00,0.136437503126407
2019-06-08 01:00:00,0.0584046110654465
2019-06-08 02:00:00,0.020606998951938266
2019-06-08 03:00:00,0.0007044272749483858
2019-06-08 04:00:00,0.006509412278773108
2019-06-08 05:00:00,0.0031206958199148987
2019-06-08 06:00:00,0.008553978902515209
2019-06-08 07:00:00,0.01040170705932028
2019-06-08 08:00:00,0.0251187449241305
2019-06-08 09:00:00,0.03944433881908555
2019-06-08 10:00:00,0.12694926403041767
2019-06-08 11:00:00,0.0499097081695904
2019-06-08 12:00:00,0.3176621417459965
2019-06-08 13:00:00,0.3189967712371286
2019-06-08 14:00:00,0.37136246307088816
2019-06-08 15:00:00,0.44838704729268847
2019-06-08 16:00:00,0.40176620896141124
2019-06-08 17:00:00,0.3009170858378776
2019-06-08 18:00:00,0.20371100783279786
2019-06-08 19:00:00,0.24636454028688665
2019-06-08 20:00:00,0.09162816309322547
2019-06-08 21:00:00,0.12508660836455446
2019-06-08 22:00:00,0.04576356384542069
2019-06-08 23:00:00,0.08531386410981365
2019-06-09 00:00:00,0.020851072072660348
2019-06-09 01:00:00,-0.025859517376072526
2019-06-09 02:00:00,0.03345247321858366
2019-06-09 03:00:00,-0.0011093091616982392
2019-06-09 04:00:00,0.004144310529166783
2019-06-09 05:00:00,0.005133631527689362
2019-06-09 06:00:00,0.00418272144425097
2019-06-09 07:00:00,0.01832388416821227
2019-06-09 08:00:00,0.016836072876759076
2019-06-09 09:00:00,0.062478611961129554
2019-06-09 10:00:00,0.14710151863944215
2019-06-09 11:00:00,0.27426252431746967
2019-06-09 12:00:00,0.720351385609046
2019-06-09 13:00:00,0.8044589695661875
2019-06-09 14:00:00,0.6814562729089628
2019-06-09 15:00:00,0.6424287897588161
2019-06-09 16:00:00,0.4895805788826479
2019-06-09 17:00:00,0.19110346232826295
2019-06-09 18:00:00,0.20023721485901252
2019-06-09 19:00:00,0.2022755346253553
2019-06-09 20:00:00,0.11122963977366014
2019-06-09 21:00:00,0.0038546493104447063
2019-06-09 22:00:00,0.01739212381759495
2019-06-09 23:00:00,0.0524830887172584
2019-06-10 00:00:00,0.010227657478381062
2019-06-10 01:00:00,-0.012386210206497824
2019-06-10 02:00:00,0.004363130435932968
2019-06-10 03:00:00,0.0033693638926808097
2019-06-10 04:00:00,0.0070141324277403095
2019-06-10 05:00:00,-0.0003935127354702762
2019-06-10 06:00:00,0.016800435584280196
2019-06-10 07:00:00,0.02626478722288268
2019-06-10 08:00:00,0.06348312138670871
2019-06-10 09:00:00,0.08063930187699428
2019-06-10 10:00:00,0.14646188806819505
2019-06-10 11:00:00,0.3986089496726236
2019-06-10 12:00:00,0.44042145381715003
2019-06-10 13:00:00,0.43282849171195137
2019-06-10 14:00:00,0.2801035195050652
2019-06-10 15:00:00,0.2804530812293059
2019-06-10 16:00:00,0.20952238446666066
2019-06-10 17:00:00,0.05863738717374101
2019-06-10 18:00:00,0.15323856307375724
2019-06-10 19:00:00,-0.008624475484787023
2019-06-10 20:00:00,0.040570398220093486
2019-06-10 21:00:00,0.03325896104897871
2019-06-10 22:00:00,0.04407682031541425
2019-06-10 23:00:00,0.023395499041002948
2019-06-11 00:00:00,0.030983401303334965
2019-06-11 01:00:00,0.0076785074034777774
2019-06-11 02:00:00,-0.0015496502156430092
2019-06-11 03:00:00,0.005072786297494152
2019-06-11 04:00:00,0.003523305004522536
2019-06-11 05:00:00,0.006927816643865159
2019-06-11 06:00:00,0.010837360663357868
2019-06-11 07:00:00,0.03265917394155263
2019-06-11 08:00:00,0.012853763252393631
2019-06-11 09:00:00,0.04591326700271586
2019-06-11 10:00:00,0.10585222410677245
2019-06-11 11:00:00,0.31923504492385346
2019-06-11 12:00:00,0.23340702697234617
2019-06-11 13:00:00,0.18380053159442544
2019-06-11 14:00:00,0.17125984900585553
2019-06-11 15:00:00,0.1428284659481426
2019-06-11 16:00:00,0.08258495239025207
2019-06-11 17:00:00,0.1778225447714676
2019-06-11 18:00:00,0.184518288442761
2019-06-11 19:00:00,0.09174552118829013
2019-06-11 20:00:00,0.03777543417857016
2019-06-11 21:00:00,0.04565456695422685
2019-06-11 22:00:00,0.03114861106335534
2019-06-11 23:00:00,0.06480223444623441
2019-06-12 00:00:00,0.007100695377521067
2019-06-12 01:00:00,0.012959315561324299
2019-06-12 02:00:00,0.013626987782441776
2019-06-12 03:00:00,0.004219971961557175
2019-06-12 04:00:00,0.00022400888671925004
2019-06-12 05:00:00,0.01171292444922126
2019-06-12 06:00:00,0.011131530904607834
2019-06-12 07:00:00,0.016220379502691017
2019-06-12 08:00:00,5.515174666450502e-05
2019-06-12 09:00:00,0.03142877077112946
2019-06-12 10:00:00,0.04960406428766756
2019-06-12 11:00:00,0.11015926590587925
2019-06-12 12:00:00,0.09953803167948574
2019-06-12 13:00:00,0.07202383292425879
2019-06-12 14:00:00,0.17613005069010823
2019-06-12 15:00:00,0.09233793207728735
2019-06-12 16:00:00,0.038850566709230476
2019-06-12 17:00:00,0.12337614826474555
2019-06-12 18:00:00,0.09034360740350211
2019-06-12 19:00:00,0.1509092678657238
2019-06-12 20:00:00,0.20116391356413277
2019-06-12 21:00:00,0.3395121763649093
2019-06-12 22:00:00,0.13115816133002497
2019-06-12 23:00:00,0.12992864827321152
2019-06-13 00:00:00,0.0683532821937028
2019-06-13 01:00:00,0.07053019667127607
2019-06-13 02:00:00,0.061546802300303655
2019-06-13 03:00:00,0.03306242462105033
2019-06-13 04:00:00,0.012151494176937772
2019-06-13 05:00:00,0.00414412525015921
2019-06-13 06:00:00,0.006269028289302087
2019-06-13 07:00:00,-0.001967633984506943
2019-06-13 08:00:00,0.02782001924595335
2019-06-13 09:00:00,0.03775186373327713
2019-06-13 10:00:00,0.1481246420033003
2019-06-13 11:00:00,0.25676667791974334
2019-06-13 12:00:00,0.16012939005688798
2019-06-13 13:00:00,0.1874142248758906
2019-06-13 14:00:00,0.21333945280358343
2019-06-13 15:00:00,0.19593725579163418
2019-06-13 16:00:00,0.22208660004534964
2019-06-13 17:00:00,0.23602984479818354
2019-06-13 18:00:00,0.31039916389782407
2019-06-13 19:00:00,0.2797925373188436
2019-06-13 20:00:00,0.19086687052218293
2019-06-13 21:00:00,0.0006616424213871791
2019-06-13 22:00:00,0.04418699866818974
2019-06-13 23:00:00,0.06271209354729221
2019-06-14 00:00:00,0.051001304059998705
2019-06-14 01:00:00,0.03706230790914823
2019-06-14 02:00:00,0.006341194976901679
2019-06-14 03:00:00,0.020976059489509393
2019-06-14 04:00:00,0.007002299442243661
2019-06-14 05:00:00,0.0026213726943458762
2019-06-14 06:00:00,0.0040674456106442585
2019-06-14 07:00:00,0.013523448499062762
2019-06-14 08:00:00,0.01320142196882259
2019-06-14 09:00:00,0.10898445500175805
2019-06-14 10:00:00,0.1119985253262849
2019-06-14 11:00:00,0.0563059831758579
2019-06-14 12:00:00,0.12452932654502134
2019-06-14 13:00:00,0.25130014907179954
2019-06-14 14:00:00,0.39018230438808943
2019-06-14 15:00:00,0.37030476859055117
2019-06-14 16:00:00,0.43240661498547533
2019-06-14 17:00:00,0.4313435716173586
2019-06-14 18:00:00,0.3115821726723512
2019-06-14 19:00:00,0.12793964662131047
2019-06-14 20:00:00,0.19895893547234839
2019-06-14 21:00:00,0.020899972853259327
2019-06-14 22:00:00,0.11577476053261106
2019-06-14 23:00:00,0.05500241487179926
2019-06-15 00:00:00,0.053488208601790245
2019-06-15 01:00:00,0.04376944004168238
2019-06-15 02:00:00,0.054289239454950566
2019-06-15 03:00:00,0.019698132143695778
2019-06-15 04:00:00,0.020823586413633386
2019-06-15 05:00:00,0.00502100593211381
2019-06-15 06:00:00,0.0020325535024819947
2019-06-15 07:00:00,0.01582185318626781
2019-06-15 08:00:00,0.02177942973381667
2019-06-15 09:00:00,0.10644141509611342
2019-06-15 10:00:00,0.16114749764724326
2019-06-15 11:00:00,0.022070181745424855
2019-06-15 12:00:00,0.17173811571539122
2019-06-15 13:00:00,0.2564667478549468
2019-06-15 14:00:00,0.24375347204456688
2019-06-15 15:00:00,0.38940379498204
2019-06-15 16:00:00,0.20081947574813808
2019-06-15 17:00:00,0.30100242035527636
2019-06-15 18:00:00,0.15123380559805927
2019-06-15 19:00:00,-0.009141591391301093
2019-06-15 20:00:00,0.07797935469988374
2019-06-15 21:00:00,0.057710112234943614
2019-06-15 22:00:00,0.04930130240493913
2019-06-15 23:00:00,0.032039301906374384
2019-06-16 00:00:00,-0.009214258237172328
2019-06-16 01:00:00,0.0249665803296064
2019-06-16 02:00:00,0.03288531871177824
2019-06-16 03:00:00,-0.00976037715136386
2019-06-16 04:00:00,-0.003023721845105236
2019-06-16 05:00:00,0.0013938759968678653
2019-06-16 06:00:00,-0.0012708355978521542
2019-06-16 07:00:00,0.004720144348849964
2019-06-16 08:00:00,0.0425652300570228
2019-06-16 09:00:00,0.061269419071610695
2019-06-16 10:00:00,0.11205987982050121
2019-06-16 11:00:00,0.15408416894256155
2019-06-16 12:00:00,0.2926748288697621
2019-06-16 13:00:00,0.39393733523050645
2019-06-16 14:00:00,0.3370160954851591
2019-06-16 15:00:00,0.20103393338602382
2019-06-16 16:00:00,0.2611426025889408
2019-06-16 17:00:00,0.11743578524909475
2019-06-16 18:00:00,0.09975204646241506
2019-06-16 19:00:00,0.0665585230083866
2019-06-16 20:00:00,0.11278830774582188
2019-06-16 21:00:00,0.06883571481793359
2019-06-16 22:00:00,0.009410505700742693
2019-06-16 23:00:00,0.030611886509109523
2019-06-17 00:00:00,0.021915606520349015
2019-06-17 01:00:00,0.02816026760541437
2019-06-17 02:00:00,-0.0008316627655276872
2019-06-17 03:00:00,-0.009641888567644334
2019-06-17 04:00:00,-0.004818531005454159
2019-06-17 05:00:00,0.0006171466605187641
2019-06-17 06:00:00,0.004335709277946548
2019-06-17 07:00:00,0.03703440262325314
2019-06-17 08:00:00,0.07962768975433865
2019-06-17 09:00:00,0.10757908196219604
2019-06-17 10:00:00,0.11905306915389112
2019-06-17 11:00:00,0.16424399519012284
2019-06-17 12:00:00,0.2740219512877477
2019-06-17 13:00:00,0.3321505954942392
2019-06-17 14:00:00,0.25129663686438086
2019-06-17 15:00:00,0.23637135798448183
2019-06-17 16:00:00,0.08240364603065303
2019-06-17 17:00:00,0.21995785201261872
2019-06-17 18:00:00,0.09502652123070392
2019-06-17 19:00:00,0.12591710721987617
2019-06-17 20:00:00,0.07398364333209533
2019-06-17 21:00:00,0.07028954075249985
2019-06-17 22:00:00,0.08694031453399155
2019-06-17 23:00:00,0.04075033294097193
2019-06-18 00:00:00,0.008150180321519845
2019-06-18 01:00:00,0.0304116479117588
2019-06-18 02:00:00,0.0015604664277129865
2019-06-18 03:00:00,0.0017667262301446678
2019-06-18 04:00:00,0.001955860404487922
2019-06-18 05:00:00,0.0016376698915416647
2019-06-18 06:00:00,0.01888498649780754
2019-06-18 07:00:00,0.06523902544718262
2019-06-18 08:00:00,0.06398771356909246
2019-06-18 09:00:00,0.08856268594407793
2019-06-18 10:00:00,0.1723392948284947
2019-06-18 11:00:00,0.1960744155954297
2019-06-18 12:00:00,0.4275613961081246
2019-06-18 13:00:00,0.2593105727348959
2019-06-18 14:00:00,0.39860212323141975
2019-06-18 15:00:00,0.4079808748528505
2019-06-18 16:00:00,0.18749893168012455
2019-06-18 17:00:00,0.22405305942481493
2019-06-18 18:00:00,0.09805254741560931
2019-06-18 19:00:00,0.1452911451141189
2019-06-18 20:00:00,0.06782440205821613
2019-06-18 21:00:00,0.031162119361065027
2019-06-18 22:00:00,-0.0036884266741731737
2019-06-18 23:00:00,0.023547521373611408
2019-06-19 00:00:00,-0.0010326228744763164
2019-06-19 01:00:00,0.005371003343231685
2019-06-19 02:00:00,0.0029515639795064863
2019-06-19 03:00:00,0.009257490438390331
2019-06-19 04:00:00,0.009747403386439778
2019-06-19 05:00:00,0.0008174643075279149
2019-06-19 06:00:00,0.03873728708919774
2019-06-19 07:00:00,0.027597882206488608
2019-06-19 08:00:00,0.06172219152469505
2019-06-19 09:00:00,0.07673378561023474
2019-06-19 10:00:00,0.14801377237790264
2019-06-19 11:00:00,0.29460018369646274
2019-06-19 12:00:00,0.10051393294844993
2019-06-19 13:00:00,0.2401246304496197
2019-06-19 14:00:00,0.12150379161946027
2019-06-19 15:00:00,0.05104711222929521
2019-06-19 16:00:00,0.24290343419560229
2019-06-19 17:00:00,0.09887227711110548
2019-06-19 18:00:00,0.13997795958582848
2019-06-19 19:00:00,0.11848352423913827
2019-06-19 20:00:00,0.0625538968802197
2019-06-19 21:00:00,0.05118495464138218
2019-06-19 22:00:00,0.013835069388464794
2019-06-19 23:00:00,0.0246829920535201
2019-06-20 00:00:00,0.014334372457628452
2019-06-20 01:00:00,0.004948673347858602
2019-06-20 02:00:00,0.014584934682618178
2019-06-20 03:00:00,0.007930047363218232
2019-06-20 04:00:00,0.00899071627918814
2019-06-20 05:00:00,0.006279764707539097
2019-06-20 06:00:00,0.03412138597084875
2019-06-20 07:00:00,0.05327855091881803
2019-06-20 08:00:00,0.0800136388173564
2019-06-20 09:00:00,0.1258100501947068
2019-06-20 10:00:00,0.07186990784326872
2019-06-20 11:00:00,0.2780511849035892
2019-06-20 12:00:00,0.17817469102413536
2019-06-20 13:00:00,0.3277498845645026
2019-06-20 14:00:00,0.1952876598148706
2019-06-20 15:00:00,0.12751249966080375
2019-06-20 16:00:00,0.29065698683095764
2019-06-20 17:00:00,0.1099758620340571
2019-06-20 18:00:00,0.1670024500278902
2019-06-20 19:00:00,0.10410769504115153
2019-06-20 20:00:00,0.08390642235645865
2019-06-20 21:00:00,0.09655796597400519
2019-06-20 22:00:00,0.1239543125544654
2019-06-20 23:00:00,0.06147002868174514
2019-06-21 00:00:00,0.04884108192062726
2019-06-21 01:00:00,0.040703059102124996
2019-06-21 02:00:00,0.014700555758377913
2019-06-21 03:00:00,0.009962998551403725
2019-06-21 04:00:00,-0.0038511413596012114
2019-06-21 05:00:00,0.0075900115256956405
2019-06-21 06:00:00,0.03482296589660189
2019-06-21 07:00:00,0.03404397042519956
2019-06-21 08:00:00,0.0379461848727522
2019-06-21 09:00:00,0.04655749179351662
2019-06-21 10:00:00,0.07619076765795957
2019-06-21 11:00:00,0.23470769453825743
2019-06-21 12:00:00,0.31595295629605136
2019-06-21 13:00:00,0.3865933507205114
2019-06-21 14:00:00,0.515191207331742
2019-06-21 15:00:00,0.581896336009013
2019-06-21 16:00:00,0.3823227235824814
2019-06-21 17:00:00,0.35829408315348604
2019-06-21 18:00:00,0.23334421125825494
2019-06-21 19:00:00,0.14745029905165993
2019-06-21 20:00:00,0.15241663448199735
2019-06-21 21:00:00,0.12134366165193282
2019-06-21 22:00:00,0.07808479029963464
2019-06-21 23:00:00,0.06291963260175162
2019-06-22 00:00:00,0.08044801213377784
2019-06-22 01:00:00,0.0478045716024379
2019-06-22 02:00:00,0.030877243155250093
2019-06-22 03:00:00,0.028463185791758334
2019-06-22 04:00:00,0.009400648365203868
2019-06-22 05:00:00,0.013973038809067244
2019-06-22 06:00:00,0.02274780101963031
2019-06-22 07:00:00,0.008204717550946226
2019-06-22 08:00:00,0.03629316123922782
2019-06-22 09:00:00,0.02659954730072035
2019-06-22 10:00:00,0.16060579405722647
2019-06-22 11:00:00,0.27794728121529383
2019-06-22 12:00:00,0.2653425531339406
2019-06-22 13:00:00,0.4523169196430698
2019-06-22 14:00:00,0.36470952079210445
2019-06-22 15:00:00,0.39104841027272347
2019-06-22 16:00:00,0.2839873416667491
2019-06-22 17:00:00,0.23600734267339513
2019-06-22 18:00:00,0.15641969260196142
2019-06-22 19:00:00,0.05614012739101533
2019-06-22 20:00:00,0.13506198196862587
2019-06-22 21:00:00,0.0983209015962162
2019-06-22 22:00:00,0.022485995550559162
2019-06-22 23:00:00,0.01834550673144872
2019-06-23 00:00:00,0.02378417828777172
2019-06-23 01:00:00,-0.030170090611712667
2019-06-23 02:00:00,0.010574358998833026
2019-06-23 03:00:00,-0.008673087282296755
2019-06-23 04:00:00,0.0012194590046986941
2019-06-23 05:00:00,-0.00020126037726267247
2019-06-23 06:00:00,0.0026163232085583163
2019-06-23 07:00:00,0.027741736793869407
2019-06-23 08:00:00,0.04084026609549906
2019-06-23 09:00:00,0.12430386089956194
2019-06-23 10:00:00,0.09553478812156017
2019-06-23 11:00:00,0.2732147863092941
2019-06-23 12:00:00,0.38741351213845265
2019-06-23 13:00:00,0.4298787749522604
2019-06-23 14:00:00,0.3899571709320205
2019-06-23 15:00:00,0.3745052136104918
2019-06-23 16:00:00,0.2611588295386612
2019-06-23 17:00:00,0.14812428632105096
2019-06-23 18:00:00,0.0848773037065941
2019-06-23 19:00:00,0.12261384747672521
2019-06-23 20:00:00,0.0825538126916075
2019-06-23 21:00:00,0.030550652120099574
2019-06-23 22:00:00,0.040991042906085115
2019-06-23 23:00:00,0.012330997166278262
2019-06-24 00:00:00,0.010469086190426139
2019-06-24 01:00:00,-0.011179009656992369
2019-06-24 02:00:00,0.01048153368328053
2019-06-24 03:00:00,-0.0020245814430857262
2019-06-24 04:00:00,-0.0023069208349149168
2019-06-24 05:00:00,0.0014748755218949071
2019-06-24 06:00:00,0.02647664701828094
2019-06-24 07:00:00,0.03895374890891759
2019-06-24 08:00:00,0.055311164879768185
2019-06-24 09:00:00,0.08201174544910231
2019-06-24 10:00:00,0.11814852468079595
2019-06-24 11:00:00,0.21602637365842633
2019-06-24 12:00:00,0.4537496904449868
2019-06-24 13:00:00,0.3150135831860262
2019-06-24 14:00:00,0.4627414123477507
2019-06-24 15:00:00,0.3171502529274029
2019-06-24 16:00:00,0.24076363935847073
2019-06-24 17:00:00,0.2503044447294593
2019-06-24 18:00:00,0.15016672074716098
2019-06-24 19:00:00,0.17230817525073314
2019-06-24 20:00:00,0.09248944889818111
2019-06-24 21:00:00,0.0639318467719297
2019-06-24 22:00:00,0.06418830795674804
2019-06-24 23:00:00,0.05480222670077008
2019-06-25 00:00:00,0.09145892001939615
2019-06-25 01:00:00,0.08199047319887098
2019-06-25 02:00:00,0.014930617504393118
2019-06-25 03:00:00,0.009619247903455601
2019-06-25 04:00:00,0.01817299390209205
2019-06-25 05:00:00,0.018505868035764136
2019-06-25 06:00:00,0.04564495351606509
2019-06-25 07:00:00,0.02035841064711883
2019-06-25 08:00:00,0.05051735978616065
2019-06-25 09:00:00,0.010806479234875632
2019-06-25 10:00:00,0.08362887110521688
2019-06-25 11:00:00,0.1461968697931501
2019-06-25 12:00:00,0.16468496457850054
2019-06-25 13:00:00,0.11777740416285912
2019-06-25 14:00:00,0.14523599236552076
2019-06-25 15:00:00,0.02029979958324804
2019-06-25 16:00:00,0.0834780169016198
2019-06-25 17:00:00,0.04810908431190897
2019-06-25 18:00:00,0.04696858964888195
2019-06-25 19:00:00,0.15530730429796405
2019-06-25 20:00:00,0.294822048116004
2019-06-25 21:00:00,0.37355053644571107
2019-06-25 22:00:00,0.23322180298143347
2019-06-25 23:00:00,0.14603007161134895
2019-06-26 00:00:00,0.08859320437772804
2019-06-26 01:00:00,0.0038225944022377348
2019-06-26 02:00:00,0.0243409966068463
2019-06-26 03:00:00,0.009754594314521976
2019-06-26 04:00:00,0.011112400921796977
2019-06-26 05:00:00,0.006189696793024251
2019-06-26 06:00:00,0.021249561123429826
2019-06-26 07:00:00,0.029925034051065252
2019-06-26 08:00:00,0.05509052429525815
2019-06-26 09:00:00,0.05381325088786883
2019-06-26 10:00:00,0.08871073309286082
2019-06-26 11:00:00,0.14585915894066778
2019-06-26 12:00:00,0.1981065013368028
2019-06-26 13:00:00,0.4822589341650606
2019-06-26 14:00:00,0.4463013125746398
2019-06-26 15:00:00,0.28290905990943954
2019-06-26 16:00:00,0.46876964435528656
2019-06-26 17:00:00,0.21116081137326642
2019-06-26 18:00:00,0.19983842216617959
2019-06-26 19:00:00,0.2910299413601086
2019-06-26 20:00:00,0.19742993202294687
2019-06-26 21:00:00,0.04170097559429384
2019-06-26 22:00:00,0.04056144066570172
2019-06-26 23:00:00,0.04812741210057722
2019-06-27 00:00:00,0.026817477251085887
2019-06-27 01:00:00,-0.0347094346519197
2019-06-27 02:00:00,-0.004709993991830936
2019-06-27 03:00:00,0.009300390222453806
2019-06-27 04:00:00,0.004826088783259262
2019-06-27 05:00:00,0.0003436735621480075
2019-06-27 06:00:00,0.02088419618026363
2019-06-27 07:00:00,0.02704063461741375
2019-06-27 08:00:00,0.02696672428051163
2019-06-27 09:00:00,0.05419050672143828
2019-06-27 10:00:00,0.06684141200175214
2019-06-27 11:00:00,0.20937992781165102
2019-06-27 12:00:00,0.6553007729993101
2019-06-27 13:00:00,0.46299965963534384
2019-06-27 14:00:00,0.35496371654626147
2019-06-27 15:00:00,0.4869671442371961
2019-06-27 16:00:00,0.28550585792629846
2019-06-27 17:00:00,0.20090452722840815
2019-06-27 18:00:00,0.18557150450265014
2019-06-27 19:00:00,0.25873822813488034
2019-06-27 20:00:00,0.2632804685770997
2019-06-27 21:00:00,0.027223035321201988
2019-06-27 22:00:00,0.015824611532202208
2019-06-27 23:00:00,0.017660841672856427
2019-06-28 00:00:00,0.02543390797293418
2019-06-28 01:00:00,-0.0044316883964326224
2019-06-28 02:00:00,0.00461382703867496
2019-06-28 03:00:00,0.004389570604518488
2019-06-28 04:00:00,0.0035628231015887935
2019-06-28 05:00:00,0.0051278975900412044
2019-06-28 06:00:00,0.031208393195795638
2019-06-28 07:00:00,0.026639041748039653
2019-06-28 08:00:00,0.042505157161695895
2019-06-28 09:00:00,0.04405092994699423
2019-06-28 10:00:00,0.2285489753161636
2019-06-28 11:00:00,0.41734519643986034
2019-06-28 12:00:00,0.43230155417505506
2019-06-28 13:00:00,0.4372593281164539
2019-06-28 14:00:00,0.3848017684912882
2019-06-28 15:00:00,0.6650627715252561
2019-06-28 16:00:00,0.14044118478377843
2019-06-28 17:00:00,0.2741788335877037
2019-06-28 18:00:00,0.2710259959182787
2019-06-28 19:00:00,0.22748647796198015
2019-06-28 20:00:00,0.012713877102432741
2019-06-28 21:00:00,0.09401050202698441
2019-06-28 22:00:00,0.05720856911241386
2019-06-28 23:00:00,0.04296290465748433
2019-06-29 00:00:00,0.011824843308233801
2019-06-29 01:00:00,0.02848361270198449
2019-06-29 02:00:00,0.023106266511993486
2019-06-29 03:00:00,0.027590931383072087
2019-06-29 04:00:00,0.006544951789071555
2019-06-29 05:00:00,-0.002136432472877197
2019-06-29 06:00:00,0.02990559014029117
2019-06-29 07:00:00,-0.0038898191976423887
2019-06-29 08:00:00,0.03665649771325401
2019-06-29 09:00:00,0.11052907009138255
2019-06-29 10:00:00,0.10092064108891188
2019-06-29 11:00:00,0.327781398268938
2019-06-29 12:00:00,0.289996700623552
2019-06-29 13:00:00,0.37226677300000655
2019-06-29 14:00:00,0.5311532021399985
2019-06-29 15:00:00,0.3511695409755171
2019-06-29 16:00:00,0.17339938566096086
2019-06-29 17:00:00,0.35818906911356674
2019-06-29 18:00:00,0.17004415395581488
2019-06-29 19:00:00,0.11787775073063944
2019-06-29 20:00:00,0.04083738132110794
2019-06-29 21:00:00,0.042146462900656385
2019-06-29 22:00:00,0.09488357710481117
2019-06-29 23:00:00,0.010139142915908866
2019-06-30 00:00:00,-0.006669044314533282
2019-06-30 01:00:00,0.006286797993353414
2019-06-30 02:00:00,0.012601452681064027
2019-06-30 03:00:00,-0.0073074223957134725
2019-06-30 04:00:00,0.003974904180512568
2019-06-30 05:00:00,-0.0002791043510127437
2019-06-30 06:00:00,0.022208484153491744
2019-06-30 07:00:00,0.017446395325645972
2019-06-30 08:00:00,0.020639712378044676
2019-06-30 09:00:00,0.11611593690518979
2019-06-30 10:00:00,0.056519442416457275
2019-06-30 11:00:00,0.16715362726211344
2019-06-30 12:00:00,0.4203408606860428
2019-06-30 13:00:00,0.33336989005552276
2019-06-30 14:00:00,0.4183215040381365
2019-06-30 15:00:00,0.19357995890333657
2019-06-30 16:00:00,0.2869632723058465
2019-06-30 17:00:00,0.17028798435749262
2019-06-30 18:00:00,-0.008269342761658027
2019-06-30 19:00:00,0.06389343341956004
2019-06-30 20:00:00,0.09239743143963178
2019-06-30 21:00:00,0.03864851540446389
2019-06-30 22:00:00,0.011366595800895371
2019-06-30 23:00:00,0.008649383941444518
2019-07-01 00:00:00,0.015771184254331147
2019-07-01 01:00:00,0.0027380646181063358
2019-07-01 02:00:00,0.008498618619322313
2019-07-01 03:00:00,-0.004860078574832085
2019-07-01 04:00:00,-0.006607496409621369
2019-07-01 05:00:00,0.010089890701605484
2019-07-01 06:00:00,0.009111326686293515
2019-07-01 07:00:00,0.005630443327892762
2019-07-01 08:00:00,0.016226394688951748
2019-07-01 09:00:00,0.041672965605471485
2019-07-01 10:00:00,0.06587312159249314
2019-07-01 11:00:00,0.11121693622904091
2019-07-01 12:00:00,0.2645838220144354
2019-07-01 13:00:00,0.191594356931746
2019-07-01 14:00:00,0.21627017179205194
2019-07-01 15:00:00,0.4749425249151332
2019-07-01 16:00:00,0.37504048031977333
2019-07-01 17:00:00,0.2537977548864476
2019-07-01 18:00:00,0.18454524360981545
2019-07-01 19:00:00,0.22334722750074854
2019-07-01 20:00:00,0.10931594148713514
2019-07-01 21:00:00,0.11159394129183159
2019-07-01 22:00:00,0.03720207276188941
2019-07-01 23:00:00,0.06592947571722427
2019-07-02 00:00:00,0.07096296617722253
2019-07-02 01:00:00,0.0243205053522941
2019-07-02 02:00:00,0.01906150875461818
2019-07-02 03:00:00,0.01109594023855027
2019-07-02 04:00:00,0.008894290603766808
2019-07-02 05:00:00,0.012914836857249614
2019-07-02 06:00:00,0.00898441108912931
2019-07-02 07:00:00,0.02823883669392251
2019-07-02 08:00:00,0.03570795998493795
2019-07-02 09:00:00,0.06180162089738475
2019-07-02 10:00:00,0.09289057335796291
2019-07-02 11:00:00,0.1746550799240652
2019-07-02 12:00:00,0.2528864613720198
2019-07-02 13:00:00,0.32896908892807264
2019-07-02 14:00:00,0.5374026230065366
2019-07-02 15:00:00,0.2778940614284415
2019-07-02 16:00:00,0.21082138371070297
2019-07-02 17:00:00,0.21808221699975688
2019-07-02 18:00:00,0.09217700635749318
2019-07-02 19:00:00,0.0726403255318634
2019-07-02 20:00:00,0.06605908953825086
2019-07-02 21:00:00,0.0892653710164487
2019-07-02 22:00:00,0.0636683338149378
2019-07-02 23:00:00,0.03214349190332463
2019-07-03 00:00:00,0.004410748099856813
2019-07-03 01:00:00,0.019008256736899792
2019-07-03 02:00:00,0.014306325879222093
2019-07-03 03:00:00,0.005365269765390911
2019-07-03 04:00:00,0.002967729125098201
2019-07-03 05:00:00,0.006661325546185565
2019-07-03 06:00:00,0.020487673268381242
2019-07-03 07:00:00,0.03339230873307764
2019-07-03 08:00:00,0.0785504726732189
2019-07-03 09:00:00,0.08231167479402277
2019-07-03 10:00:00,0.05942797531910225
2019-07-03 11:00:00,0.16937669184546447
2019-07-03 12:00:00,0.17559183269623108
2019-07-03 13:00:00,0.3497116029709217
2019-07-03 14:00:00,0.4199362235294118
2019-07-03 15:00:00,0.39836969677512685
2019-07-03 16:00:00,0.42260382765754334
2019-07-03 17:00:00,0.2324195814974549
2019-07-03 18:00:00,0.13204952504827083
2019-07-03 19:00:00,0.10009046169092957
2019-07-03 20:00:00,0.1311795557146636
2019-07-03 21:00:00,0.04009572512392453
2019-07-03 22:00:00,0.059983679193954614
2019-07-03 23:00:00,0.04969777926265971
2019-07-04 00:00:00,0.001292295121268154
2019-07-04 01:00:00,0.017482283848912348
2019-07-04 02:00:00,-0.003067795715596233
2019-07-04 03:00:00,0.005263557818532143
2019-07-04 04:00:00,0.010178269916645244
2019-07-04 05:00:00,0.006987424188582541
2019-07-04 06:00:00,0.031155768553166315
2019-07-04 07:00:00,0.04143146305325508
2019-07-04 08:00:00,0.04691869509737026
2019-07-04 09:00:00,0.08229741059992957
2019-07-04 10:00:00,0.07467985096045743
2019-07-04 11:00:00,0.2190938418919721
2019-07-04 12:00:00,0.31788776980647093
2019-07-04 13:00:00,0.387578701161769
2019-07-04 14:00:00,0.4208893823206684
2019-07-04 15:00:00,0.39137989019308167
2019-07-04 16:00:00,0.2638197976648644
2019-07-04 17:00:00,0.1275859043718251
2019-07-04 18:00:00,0.16414422029942907
2019-07-04 19:00:00,0.23511346733605246
2019-07-04 20:00:00,0.12180845481262301
2019-07-04 21:00:00,0.07307625919095878
2019-07-04 22:00:00,0.035189889249339266
2019-07-04 23:00:00,0.03843347756412832
2019-07-05 00:00:00,0.014057795448413797
2019-07-05 01:00:00,0.010478540479758512
2019-07-05 02:00:00,-0.0059003412765163115
2019-07-05 03:00:00,0.020120499082721836
2019-07-05 04:00:00,0.04913875987127459
2019-07-05 05:00:00,0.0063579354195526395
2019-07-05 06:00:00,0.013182065818699918
2019-07-05 07:00:00,0.03941545460307555
2019-07-05 08:00:00,0.02048793131839178
2019-07-05 09:00:00,0.02265415452748771
2019-07-05 10:00:00,0.08950613613604677
2019-07-05 11:00:00,0.22326970645031885
2019-07-05 12:00:00,0.42159276981990496
2019-07-05 13:00:00,0.46924869979177575
2019-07-05 14:00:00,0.6450456724877378
2019-07-05 15:00:00,0.512474736398031
2019-07-05 16:00:00,0.3473989794052272
2019-07-05 17:00:00,0.313338922468712
2019-07-05 18:00:00,0.21043313787459084
2019-07-05 19:00:00,0.11311570542687942
2019-07-05 20:00:00,0.10406839702901295
2019-07-05 21:00:00,0.05951906763293656
2019-07-05 22:00:00,0.06442419754404834
2019-07-05 23:00:00,0.03869922112081714
2019-07-06 00:00:00,0.02752915767893501
2019-07-06 01:00:00,0.022486681440348474
2019-07-06 02:00:00,0.02252732400504239
2019-07-06 03:00:00,0.03480178727152945
2019-07-06 04:00:00,-0.013936815723943426
2019-07-06 05:00:00,0.017195353859118443
2019-07-06 06:00:00,0.01125592058644418
2019-07-06 07:00:00,0.017361273530616814
2019-07-06 08:00:00,0.021370485662082193
2019-07-06 09:00:00,0.026953865788315295
2019-07-06 10:00:00,0.10724016009852783
2019-07-06 11:00:00,0.26935624785569806
2019-07-06 12:00:00,0.2683078646989629
2019-07-06 13:00:00,0.19811509589104814
2019-07-06 14:00:00,0.47171452244958356
2019-07-06 15:00:00,0.4396732801460874
2019-07-06 16:00:00,0.1391545250547193
2019-07-06 17:00:00,0.16524474244616488
2019-07-06 18:00:00,0.09077046359986155
2019-07-06 19:00:00,0.07725443838511947
2019-07-06 20:00:00,0.008565702498468754
2019-07-06 21:00:00,0.028348566181063305
2019-07-06 22:00:00,0.03524679321773241
2019-07-06 23:00:00,-0.01028553375447461
