model_name,model_instance,model_hparams,model_metrics,model_pred
RandomForestRegressor,"RandomForestRegressor(bootstrap=True, criterion='mse', max_depth=None,
                      max_features=8, max_leaf_nodes=None,
                      min_impurity_decrease=0.0, min_impurity_split=None,
                      min_samples_leaf=1, min_samples_split=10,
                      min_weight_fraction_leaf=0.0, n_estimators=184,
                      n_jobs=None, oob_score=False, random_state=None,
                      verbose=0, warm_start=False)","{'max_features': 8, 'min_samples_split': 10, 'n_estimators': 184}",0.00961566135962486,"[[0.1555014 ]
 [0.1476639 ]
 [0.19393374]
 [0.17953607]
 [0.18146733]
 [0.17135995]
 [0.14976427]
 [0.1477308 ]
 [0.13093799]
 [0.13572403]
 [0.0869297 ]
 [0.06654453]
 [0.05633375]
 [0.02867872]
 [0.01576777]
 [0.01428839]
 [0.00559328]
 [0.00843094]
 [0.00728801]
 [0.01555626]
 [0.03684894]
 [0.06160194]
 [0.08093687]
 [0.1413645 ]
 [0.17325863]
 [0.21526043]
 [0.22479288]
 [0.2184009 ]
 [0.21755813]
 [0.1751132 ]
 [0.16292553]
 [0.17008306]
 [0.14372971]
 [0.07289838]
 [0.03984596]
 [0.02961961]
 [0.03643068]
 [0.01530798]
 [0.01362147]
 [0.00956333]
 [0.01101331]
 [0.00834359]
 [0.01031396]
 [0.02155933]
 [0.06268018]
 [0.05779392]
 [0.09647553]
 [0.13944683]
 [0.17632802]
 [0.20026244]
 [0.18501339]
 [0.19596911]
 [0.17408515]
 [0.16124314]
 [0.16038598]
 [0.11462852]
 [0.10930838]
 [0.10669172]
 [0.12075493]
 [0.06609676]
 [0.07918825]
 [0.05248852]
 [0.05028953]
 [0.05085913]
 [0.02237879]
 [0.01174264]
 [0.01394678]
 [0.01203386]
 [0.00927386]
 [0.01101212]
 [0.01146844]
 [0.01553589]
 [0.04042403]
 [0.05797141]
 [0.09037292]
 [0.11902016]
 [0.13492431]
 [0.14808876]
 [0.16902231]
 [0.13956767]
 [0.14720406]
 [0.14611273]
 [0.10711567]
 [0.10385263]
 [0.09503773]
 [0.08802478]
 [0.05530641]
 [0.06758736]
 [0.05737983]
 [0.05272308]
 [0.02259079]
 [0.02376879]
 [0.02123995]
 [0.01439706]
 [0.01395525]
 [0.01193224]
 [0.01073444]
 [0.0115405 ]
 [0.02095822]
 [0.02290027]
 [0.02982112]
 [0.02981083]
 [0.04760087]
 [0.04806637]
 [0.04880082]
 [0.08125817]
 [0.15698109]
 [0.1757974 ]
 [0.20424699]
 [0.21083228]
 [0.15612548]
 [0.15890195]
 [0.17088565]
 [0.11303037]
 [0.10691096]
 [0.10515421]
 [0.07562934]
 [0.06242137]
 [0.03946502]
 [0.02302846]
 [0.01897449]
 [0.0139988 ]
 [0.00614899]
 [0.00440966]
 [0.01621414]
 [0.02048959]
 [0.01843613]
 [0.04150877]
 [0.23005531]
 [0.19793665]
 [0.21866301]
 [0.33251409]
 [0.35095049]
 [0.36048245]
 [0.347758  ]
 [0.35204641]
 [0.32295995]
 [0.27297775]
 [0.12711024]
 [0.11592263]
 [0.07161117]
 [0.11436541]
 [0.09641642]
 [0.03147424]
 [0.03185079]
 [0.02155567]
 [0.01942693]
 [0.03130229]
 [0.00580276]
 [0.00709938]
 [0.00990096]
 [0.01885172]
 [0.06608161]
 [0.10621802]
 [0.12950459]
 [0.20707441]
 [0.3620203 ]
 [0.39426294]
 [0.4214253 ]
 [0.32270038]
 [0.326659  ]
 [0.2751274 ]
 [0.19395721]
 [0.15200682]
 [0.17217821]
 [0.13184439]
 [0.09633928]
 [0.05591686]
 [0.0639172 ]
 [0.04004537]
 [0.01909305]
 [0.01393102]
 [0.00640957]
 [0.01204585]
 [0.01505086]
 [0.03026977]
 [0.0611207 ]
 [0.08281245]
 [0.07356693]
 [0.07146268]
 [0.12147559]
 [0.1368094 ]
 [0.14935007]
 [0.14344603]
 [0.13168978]
 [0.13547693]
 [0.12916314]
 [0.14074491]
 [0.10771288]
 [0.07300474]
 [0.05093886]
 [0.04889929]
 [0.03354569]
 [0.03728909]
 [0.01124039]
 [0.00532126]
 [0.00329714]
 [0.00257712]
 [0.00636703]
 [0.02366244]
 [0.05049171]
 [0.08645922]
 [0.11133962]
 [0.144572  ]
 [0.15323591]
 [0.16281179]
 [0.1783641 ]
 [0.16829771]
 [0.18306953]
 [0.1590391 ]
 [0.15473941]
 [0.12768778]
 [0.12503626]
 [0.09531792]
 [0.03626785]
 [0.04272731]
 [0.04419678]
 [0.01550697]
 [0.01217045]
 [0.00522699]
 [0.00353914]
 [0.00327162]
 [0.00758721]
 [0.02641631]
 [0.05162641]
 [0.07315589]
 [0.07909065]
 [0.12991948]
 [0.14604099]
 [0.17662665]
 [0.17040716]
 [0.17018595]
 [0.16922614]
 [0.18555498]
 [0.14643025]
 [0.13559977]
 [0.12723619]
 [0.13381141]
 [0.12924772]
 [0.05113669]
 [0.04435157]
 [0.02648536]
 [0.02016146]
 [0.00633497]
 [0.00455162]
 [0.0118278 ]
 [0.0104562 ]
 [0.02669568]
 [0.0289225 ]
 [0.0558989 ]
 [0.09018613]
 [0.12334101]
 [0.14455235]
 [0.15761957]
 [0.21080503]
 [0.22893156]
 [0.17466292]
 [0.17409773]
 [0.13972233]
 [0.15411961]
 [0.10577844]
 [0.09191467]
 [0.05671683]
 [0.05980511]
 [0.05022573]
 [0.03766549]
 [0.02700698]
 [0.02756486]
 [0.01729746]
 [0.01448502]
 [0.01351113]
 [0.01186125]
 [0.02072096]
 [0.03607922]
 [0.0873512 ]
 [0.06978866]
 [0.11114815]
 [0.13711912]
 [0.16339843]
 [0.15767242]
 [0.16349889]
 [0.17538173]
 [0.16572221]
 [0.13747533]
 [0.11878867]
 [0.09976218]
 [0.07179349]
 [0.0574749 ]
 [0.04764679]
 [0.03269279]
 [0.0266879 ]
 [0.01812773]
 [0.0116697 ]
 [0.01304933]
 [0.00573435]
 [0.00806268]
 [0.05920097]
 [0.03855672]
 [0.06772628]
 [0.06868222]
 [0.14351594]
 [0.241208  ]
 [0.37426676]
 [0.39845473]
 [0.37733121]
 [0.37185964]
 [0.37287877]
 [0.33893259]
 [0.21046498]
 [0.13177206]
 [0.1433682 ]
 [0.12692594]
 [0.09814089]
 [0.06370768]
 [0.0602082 ]
 [0.02715606]
 [0.01205574]
 [0.00826071]
 [0.00480912]
 [0.00600646]
 [0.00881954]
 [0.01906812]
 [0.03072067]
 [0.06125362]
 [0.16795657]
 [0.21606299]
 [0.35711446]
 [0.37981147]
 [0.39561341]
 [0.39859519]
 [0.3691073 ]
 [0.32118193]
 [0.23407952]
 [0.18265902]
 [0.14227228]
 [0.12147472]
 [0.09311457]
 [0.08562242]
 [0.05852447]
 [0.02556492]
 [0.03374125]
 [0.00619139]
 [0.00954497]
 [0.00789457]
 [0.01405338]
 [0.03304272]
 [0.05008368]
 [0.10661865]
 [0.11838395]
 [0.16145958]
 [0.16151516]
 [0.16749602]
 [0.17411593]
 [0.15496868]
 [0.15677749]
 [0.13078261]
 [0.13406544]
 [0.14623471]
 [0.09791583]
 [0.05487692]
 [0.03572833]
 [0.03387829]
 [0.01295943]
 [0.00673183]
 [0.01377342]
 [0.0049802 ]
 [0.00356318]
 [0.00594116]
 [0.03891984]
 [0.0384472 ]
 [0.07871918]
 [0.07873329]
 [0.15345805]
 [0.18515414]
 [0.1942133 ]
 [0.19556851]
 [0.21628369]
 [0.19715457]
 [0.18530287]
 [0.16364626]
 [0.1480647 ]
 [0.13479113]
 [0.08515605]
 [0.06767929]
 [0.04777394]
 [0.04639492]
 [0.01567562]
 [0.01232767]
 [0.00844737]
 [0.00585706]
 [0.00991501]
 [0.0096789 ]
 [0.02228996]
 [0.03464344]
 [0.07126978]
 [0.10388697]
 [0.1466515 ]
 [0.15654115]
 [0.16842777]
 [0.16724043]
 [0.16407015]
 [0.18560839]
 [0.17109994]
 [0.15475903]
 [0.13385431]
 [0.14159859]
 [0.11689352]
 [0.11261539]
 [0.11180242]
 [0.13032992]
 [0.118573  ]
 [0.04209401]
 [0.03779969]
 [0.04137555]
 [0.03658019]
 [0.02260786]
 [0.01554564]
 [0.01483547]
 [0.01270335]
 [0.01262055]
 [0.01068262]
 [0.01047094]
 [0.01395447]
 [0.01127422]
 [0.01938812]
 [0.04516404]
 [0.05167311]
 [0.07279306]
 [0.12225342]
 [0.17918782]
 [0.20613771]
 [0.19517437]
 [0.20003876]
 [0.20461453]
 [0.18887045]
 [0.16206146]
 [0.16922601]
 [0.15188105]
 [0.1064876 ]
 [0.08030931]
 [0.08727765]
 [0.04702584]
 [0.02443555]
 [0.0193844 ]
 [0.0234839 ]
 [0.00735856]
 [0.00696536]
 [0.00838738]
 [0.02070302]
 [0.04210182]
 [0.05645818]
 [0.09763815]
 [0.11584454]
 [0.1685812 ]
 [0.22514338]
 [0.21879782]
 [0.21313671]
 [0.22044344]
 [0.21048702]
 [0.17884773]
 [0.17262342]
 [0.13457868]
 [0.10051988]
 [0.08877255]
 [0.08003934]
 [0.04379738]
 [0.03042602]
 [0.02607303]
 [0.01380884]
 [0.00829241]
 [0.0063474 ]
 [0.01080402]
 [0.01923956]
 [0.02292393]
 [0.05141607]
 [0.09251968]
 [0.22020979]
 [0.21740887]
 [0.36726671]
 [0.36572539]
 [0.34615763]
 [0.3536871 ]
 [0.30314581]
 [0.32756872]
 [0.31027667]
 [0.32262567]
 [0.12669478]
 [0.08151825]
 [0.08887915]
 [0.06901653]
 [0.03612737]
 [0.02913125]
 [0.01511688]
 [0.02182693]
 [0.01227233]
 [0.01235826]
 [0.02012063]
 [0.02122595]
 [0.07061361]
 [0.13898705]
 [0.15544141]
 [0.22295333]
 [0.37105474]
 [0.38304893]
 [0.39277996]
 [0.35048662]
 [0.31591457]
 [0.30335298]
 [0.22599101]
 [0.16367782]
 [0.17041621]
 [0.08891021]
 [0.08220337]
 [0.05397034]
 [0.02906697]
 [0.01946719]
 [0.01212219]
 [0.0092002 ]
 [0.0058676 ]
 [0.01164737]
 [0.01729949]
 [0.04648908]
 [0.07958094]
 [0.08009186]
 [0.10618618]
 [0.15462435]
 [0.16760388]
 [0.15809153]
 [0.16941454]
 [0.15936108]
 [0.17102429]
 [0.14415787]
 [0.13209693]
 [0.15031072]
 [0.15029538]
 [0.11585388]
 [0.04051245]
 [0.03766556]
 [0.02137555]
 [0.01934677]
 [0.00601821]
 [0.0075251 ]
 [0.00425236]
 [0.01494787]
 [0.02073421]
 [0.03687717]
 [0.06623597]
 [0.07877648]
 [0.13618178]
 [0.16891487]
 [0.18037931]
 [0.18620507]
 [0.1844608 ]
 [0.18787945]
 [0.17763992]
 [0.1716273 ]
 [0.14688425]
 [0.14213111]
 [0.07356558]
 [0.07135741]
 [0.04236339]
 [0.03863094]
 [0.02157079]
 [0.01901805]
 [0.01384668]
 [0.01547665]
 [0.01242082]
 [0.01466858]
 [0.01054218]
 [0.01072769]
 [0.02065881]
 [0.03177231]
 [0.05480142]
 [0.0751682 ]
 [0.09821194]
 [0.14766707]
 [0.23641289]
 [0.19572404]
 [0.17103947]
 [0.15755817]
 [0.16376921]
 [0.15468419]
 [0.14248151]
 [0.11103492]
 [0.10380288]
 [0.11844834]
 [0.0522796 ]
 [0.03925242]
 [0.01465591]
 [0.00873655]
 [0.00951154]
 [0.01068807]
 [0.00948044]
 [0.00965922]
 [0.02724893]
 [0.03309511]
 [0.06104985]
 [0.08557481]
 [0.10675565]
 [0.15359181]
 [0.18696257]
 [0.19161575]
 [0.21905837]
 [0.18460529]
 [0.18391477]
 [0.13781348]
 [0.11904031]
 [0.12204283]
 [0.1106094 ]
 [0.07043548]
 [0.07458788]
 [0.03817974]
 [0.02040981]
 [0.01833117]
 [0.0053899 ]
 [0.00889114]
 [0.00467539]
 [0.00852485]
 [0.01942251]
 [0.06031737]
 [0.05963425]
 [0.06312858]
 [0.11698513]
 [0.16772879]
 [0.20255945]
 [0.22549259]
 [0.24104924]
 [0.26021762]
 [0.2246718 ]
 [0.15884566]
 [0.12861328]
 [0.1288158 ]
 [0.09340335]
 [0.07971555]
 [0.06545321]
 [0.04804343]
 [0.02432731]
 [0.02129372]
 [0.00860555]
 [0.00764747]
 [0.00541917]
 [0.00761785]
 [0.00970931]
 [0.02307317]
 [0.04403877]
 [0.0532818 ]
 [0.1599063 ]
 [0.19751013]
 [0.38578259]
 [0.41055906]
 [0.3936746 ]
 [0.40255141]
 [0.36377392]
 [0.33338458]
 [0.31042003]
 [0.26054148]
 [0.14547043]
 [0.07421929]
 [0.06619352]
 [0.04177288]
 [0.02513101]
 [0.02743538]
 [0.01415529]
 [0.02681013]
 [0.01197448]
 [0.01010494]
 [0.01056958]
 [0.02167799]
 [0.04176216]
 [0.03630497]
 [0.12530013]
 [0.22353491]
 [0.35000671]
 [0.35201133]
 [0.35529682]
 [0.35218723]
 [0.34842317]
 [0.29732643]
 [0.2588075 ]
 [0.29256382]
 [0.10571428]
 [0.15196945]
 [0.12505067]
 [0.08544302]
 [0.04245447]
 [0.0188482 ]
 [0.00561601]
 [0.00576645]
 [0.00845268]
 [0.00617573]
 [0.00669557]
 [0.01358435]
 [0.03237617]
 [0.05498242]
 [0.05891438]
 [0.12286499]
 [0.22804977]
 [0.25297816]
 [0.2527415 ]
 [0.2605124 ]
 [0.25926586]
 [0.25873829]
 [0.20973891]
 [0.11706618]
 [0.11092702]
 [0.07905339]
 [0.0612892 ]
 [0.02980559]
 [0.02994097]]"
BayesianRidge,"BayesianRidge(alpha_1=0.00012534608280991415, alpha_2=0.0005716492767553013,
              compute_score=False, copy_X=True, fit_intercept=True,
              lambda_1=0.000298049408326469, lambda_2=3.800115681052597e-06,
              n_iter=300, normalize=False, tol=0.001, verbose=False)","{'alpha_1': 0.00012534608280991415, 'alpha_2': 0.0005716492767553013, 'lambda_1': 0.000298049408326469, 'lambda_2': 3.800115681052597e-06}",0.010673731351776763,"[[0.14727476]
 [0.19163546]
 [0.33538647]
 [0.30211399]
 [0.30152943]
 [0.27079509]
 [0.20174793]
 [0.17899151]
 [0.10815137]
 [0.12875098]
 [0.09927011]
 [0.0755421 ]
 [0.06022628]
 [0.03747329]
 [0.0442964 ]
 [0.02585443]
 [0.02380983]
 [0.0259384 ]
 [0.03036736]
 [0.03996816]
 [0.03940227]
 [0.0584704 ]
 [0.11073833]
 [0.24192394]
 [0.56697284]
 [0.70193869]
 [0.68687601]
 [0.55611448]
 [0.36417885]
 [0.23077992]
 [0.19274909]
 [0.22100248]
 [0.1325459 ]
 [0.09056931]
 [0.06422007]
 [0.05952262]
 [0.06779729]
 [0.02367991]
 [0.02278495]
 [0.01816317]
 [0.01991139]
 [0.02461929]
 [0.04023169]
 [0.04833402]
 [0.07898212]
 [0.06544695]
 [0.09412641]
 [0.11006616]
 [0.19404089]
 [0.21464522]
 [0.19526295]
 [0.23448685]
 [0.22115512]
 [0.16115122]
 [0.16205267]
 [0.10555575]
 [0.11035374]
 [0.11125518]
 [0.11021748]
 [0.10710972]
 [0.10260627]
 [0.08073645]
 [0.08279735]
 [0.08189591]
 [0.0356676 ]
 [0.03968753]
 [0.04630329]
 [0.05232488]
 [0.04116888]
 [0.04026743]
 [0.04284322]
 [0.05958891]
 [0.075045  ]
 [0.06720597]
 [0.10517004]
 [0.16350423]
 [0.16779155]
 [0.17703183]
 [0.21919599]
 [0.16063284]
 [0.16134249]
 [0.12678787]
 [0.0993692 ]
 [0.09017794]
 [0.10153938]
 [0.09502374]
 [0.08292069]
 [0.0992793 ]
 [0.08136551]
 [0.08226696]
 [0.03976691]
 [0.04769464]
 [0.04859609]
 [0.04167368]
 [0.04671602]
 [0.04266184]
 [0.04356328]
 [0.04548262]
 [0.05983583]
 [0.05642956]
 [0.07298278]
 [0.0695765 ]
 [0.06905136]
 [0.07287943]
 [0.07628571]
 [0.09504446]
 [0.16272248]
 [0.19066124]
 [0.21682356]
 [0.35256759]
 [0.19652834]
 [0.16375198]
 [0.15953988]
 [0.12775   ]
 [0.12885214]
 [0.15033221]
 [0.11073604]
 [0.09362274]
 [0.08028665]
 [0.03774852]
 [0.04122763]
 [0.03878789]
 [0.04167372]
 [0.04344318]
 [0.06697261]
 [0.10952777]
 [0.08651381]
 [0.09144343]
 [0.2929069 ]
 [0.267362  ]
 [0.16779701]
 [0.18905199]
 [0.19414116]
 [0.19220297]
 [0.19712504]
 [0.18891239]
 [0.3695299 ]
 [0.35204768]
 [0.13117874]
 [0.11387678]
 [0.10838484]
 [0.13624221]
 [0.1190077 ]
 [0.04902042]
 [0.04344694]
 [0.06012689]
 [0.03256819]
 [0.03205739]
 [0.03700337]
 [0.03810982]
 [0.04513025]
 [0.05917621]
 [0.06569099]
 [0.11480931]
 [0.12586233]
 [0.23467298]
 [0.36426922]
 [0.31886127]
 [0.34710227]
 [0.29759696]
 [0.28703964]
 [0.21418431]
 [0.14559609]
 [0.14889116]
 [0.14573926]
 [0.12487163]
 [0.13379202]
 [0.10414357]
 [0.04518771]
 [0.0370444 ]
 [0.01582003]
 [0.02120131]
 [0.01493416]
 [0.01872229]
 [0.01548403]
 [0.01829438]
 [0.03834331]
 [0.06456844]
 [0.05037192]
 [0.0460642 ]
 [0.09555371]
 [0.1706496 ]
 [0.23603747]
 [0.16578899]
 [0.16201594]
 [0.13389276]
 [0.11892892]
 [0.08996269]
 [0.0747604 ]
 [0.0558171 ]
 [0.05066356]
 [0.04895521]
 [0.04374468]
 [0.03743157]
 [0.02733671]
 [0.01890854]
 [0.02442356]
 [0.02564996]
 [0.03096132]
 [0.04783171]
 [0.06997611]
 [0.1004908 ]
 [0.14865849]
 [0.21136535]
 [0.19620295]
 [0.22237182]
 [0.2300569 ]
 [0.16842738]
 [0.24483951]
 [0.13652615]
 [0.17757658]
 [0.1177706 ]
 [0.1592779 ]
 [0.11550384]
 [0.07273406]
 [0.07888326]
 [0.08892429]
 [0.02969886]
 [0.03100338]
 [0.03009164]
 [0.03153252]
 [0.03429786]
 [0.03803784]
 [0.05860056]
 [0.06834106]
 [0.08762285]
 [0.0985292 ]
 [0.15204425]
 [0.20949454]
 [0.2238996 ]
 [0.2082579 ]
 [0.20058101]
 [0.17043091]
 [0.21777612]
 [0.14285913]
 [0.1317669 ]
 [0.13716415]
 [0.12727913]
 [0.1232068 ]
 [0.0779282 ]
 [0.07409601]
 [0.04132578]
 [0.03470249]
 [0.03394433]
 [0.0339355 ]
 [0.03127053]
 [0.03500209]
 [0.0667155 ]
 [0.05875238]
 [0.07637015]
 [0.10892901]
 [0.12786511]
 [0.28914013]
 [0.2147514 ]
 [0.36098559]
 [0.34109886]
 [0.2013438 ]
 [0.24235669]
 [0.13741066]
 [0.14438915]
 [0.12046471]
 [0.09784447]
 [0.09233421]
 [0.12170429]
 [0.10913792]
 [0.08080937]
 [0.06775178]
 [0.04830675]
 [0.04316222]
 [0.04216743]
 [0.04716471]
 [0.04492273]
 [0.06262154]
 [0.07958638]
 [0.11010782]
 [0.09339961]
 [0.12722133]
 [0.11292619]
 [0.12945262]
 [0.14383963]
 [0.17842188]
 [0.19469358]
 [0.17445798]
 [0.14606585]
 [0.12275408]
 [0.11768323]
 [0.10861536]
 [0.09759589]
 [0.09856796]
 [0.08441276]
 [0.05048593]
 [0.04794404]
 [0.05441512]
 [0.05461976]
 [0.05268617]
 [0.05945793]
 [0.09222968]
 [0.09516797]
 [0.10021102]
 [0.1074636 ]
 [0.14146466]
 [0.23781545]
 [0.22020871]
 [0.20188858]
 [0.18622264]
 [0.25602487]
 [0.20396328]
 [0.21904403]
 [0.18106047]
 [0.15134684]
 [0.15456419]
 [0.17224879]
 [0.1378584 ]
 [0.11168097]
 [0.06745138]
 [0.03199836]
 [0.03756669]
 [0.03524895]
 [0.03744664]
 [0.0440698 ]
 [0.05163045]
 [0.04926896]
 [0.06732932]
 [0.08791278]
 [0.15321947]
 [0.30063255]
 [0.35309758]
 [0.46845346]
 [0.42406113]
 [0.35456018]
 [0.32319091]
 [0.24316699]
 [0.20522941]
 [0.16502537]
 [0.15298034]
 [0.13274018]
 [0.12558413]
 [0.1131474 ]
 [0.04857208]
 [0.01556638]
 [0.02090738]
 [0.00846498]
 [0.00530776]
 [0.00639199]
 [0.0093328 ]
 [0.01650886]
 [0.0216403 ]
 [0.07717559]
 [0.07382981]
 [0.13474274]
 [0.26476392]
 [0.24032512]
 [0.26020363]
 [0.25174257]
 [0.22089031]
 [0.17062225]
 [0.08488301]
 [0.11454682]
 [0.08648638]
 [0.05525188]
 [0.05297562]
 [0.04457176]
 [0.01959531]
 [0.01208286]
 [0.01463311]
 [0.01738917]
 [0.01775796]
 [0.02124421]
 [0.04228757]
 [0.05036032]
 [0.0702146 ]
 [0.07184039]
 [0.1137643 ]
 [0.157058  ]
 [0.25570279]
 [0.24153148]
 [0.28807757]
 [0.22754387]
 [0.19529621]
 [0.16380709]
 [0.11789582]
 [0.12087383]
 [0.0890666 ]
 [0.07948031]
 [0.06490843]
 [0.05713414]
 [0.02825627]
 [0.02659277]
 [0.02846187]
 [0.02687262]
 [0.02988627]
 [0.03880502]
 [0.05773215]
 [0.06464296]
 [0.08150685]
 [0.09318684]
 [0.12151965]
 [0.2080434 ]
 [0.25066484]
 [0.28877953]
 [0.28787808]
 [0.22461011]
 [0.2455403 ]
 [0.20443618]
 [0.1632803 ]
 [0.12950275]
 [0.11366058]
 [0.10808272]
 [0.10898416]
 [0.11458947]
 [0.11549092]
 [0.07324356]
 [0.07414501]
 [0.07526184]
 [0.07616328]
 [0.0355186 ]
 [0.03642005]
 [0.03053324]
 [0.0327979 ]
 [0.03537862]
 [0.03628007]
 [0.0399888 ]
 [0.04323661]
 [0.04413806]
 [0.05462215]
 [0.06827026]
 [0.06488738]
 [0.08092543]
 [0.09665333]
 [0.14570945]
 [0.27360819]
 [0.32684384]
 [0.31043234]
 [0.28329866]
 [0.18841959]
 [0.1711934 ]
 [0.20416818]
 [0.14608009]
 [0.11649595]
 [0.14249051]
 [0.11107215]
 [0.08599534]
 [0.04529802]
 [0.03949649]
 [0.03993683]
 [0.04422063]
 [0.04389408]
 [0.04902733]
 [0.07468451]
 [0.0747549 ]
 [0.08619895]
 [0.09981786]
 [0.11372715]
 [0.16904416]
 [0.34899195]
 [0.36131945]
 [0.28102658]
 [0.37789617]
 [0.23205364]
 [0.22549245]
 [0.19561676]
 [0.1760982 ]
 [0.13364119]
 [0.12283286]
 [0.11118826]
 [0.086514  ]
 [0.04039545]
 [0.03540836]
 [0.03852026]
 [0.04086744]
 [0.04358029]
 [0.04974388]
 [0.07452312]
 [0.06816303]
 [0.09204459]
 [0.10452447]
 [0.17901943]
 [0.3582653 ]
 [0.36420229]
 [0.31919203]
 [0.31807902]
 [0.34361741]
 [0.20294965]
 [0.20354165]
 [0.18760888]
 [0.25631731]
 [0.12631336]
 [0.12102788]
 [0.11787313]
 [0.1203815 ]
 [0.03745767]
 [0.03896356]
 [0.03526771]
 [0.03608151]
 [0.04280329]
 [0.04044701]
 [0.06554983]
 [0.05365488]
 [0.07077643]
 [0.17671231]
 [0.15526458]
 [0.21573988]
 [0.35183937]
 [0.33888958]
 [0.45921283]
 [0.32229312]
 [0.28872925]
 [0.27370037]
 [0.18694411]
 [0.1422001 ]
 [0.14573746]
 [0.11322805]
 [0.13298961]
 [0.10284695]
 [0.02130441]
 [0.01942151]
 [0.01421235]
 [0.00823602]
 [0.00855233]
 [0.01370024]
 [0.0193571 ]
 [0.0345104 ]
 [0.03369801]
 [0.05743182]
 [0.07401276]
 [0.11097119]
 [0.28799546]
 [0.32308304]
 [0.29237014]
 [0.21992365]
 [0.27397909]
 [0.19154786]
 [0.10318677]
 [0.10884803]
 [0.07803152]
 [0.10099619]
 [0.06465238]
 [0.04745057]
 [0.03383681]
 [0.03202387]
 [0.02886986]
 [0.03548834]
 [0.03229705]
 [0.04657441]
 [0.04751196]
 [0.05316578]
 [0.06010687]
 [0.0733052 ]
 [0.09821291]
 [0.16662291]
 [0.23714655]
 [0.29587648]
 [0.2340301 ]
 [0.24263049]
 [0.17192663]
 [0.13878884]
 [0.10483343]
 [0.11123919]
 [0.0853797 ]
 [0.0888611 ]
 [0.0752317 ]
 [0.07417085]
 [0.03293172]
 [0.03505385]
 [0.034172  ]
 [0.03327055]
 [0.04940323]
 [0.04850178]
 [0.04695671]
 [0.04300086]
 [0.06270161]
 [0.05906992]
 [0.05038775]
 [0.0895499 ]
 [0.08608197]
 [0.13405635]
 [0.38228731]
 [0.30677417]
 [0.24113832]
 [0.24117795]
 [0.22159564]
 [0.16483643]
 [0.14791957]
 [0.13379867]
 [0.12404984]
 [0.12909675]
 [0.08466175]
 [0.07630932]
 [0.03461112]
 [0.03638694]
 [0.03704511]
 [0.03801468]
 [0.03960004]
 [0.04233037]
 [0.05358624]
 [0.06099387]
 [0.08493308]
 [0.11488685]
 [0.12689729]
 [0.18387357]
 [0.22238439]
 [0.30648857]
 [0.27784453]
 [0.22839566]
 [0.22173415]
 [0.13764314]
 [0.1174698 ]
 [0.14490743]
 [0.12341372]
 [0.10872156]
 [0.09086862]
 [0.08222263]
 [0.04871853]
 [0.05306246]
 [0.04123401]
 [0.04758022]
 [0.0476482 ]
 [0.05239871]
 [0.06970603]
 [0.09464852]
 [0.09489087]
 [0.1118223 ]
 [0.1280623 ]
 [0.18048691]
 [0.21882421]
 [0.23108088]
 [0.38768901]
 [0.39101856]
 [0.27504173]
 [0.19830502]
 [0.12855738]
 [0.17131131]
 [0.10496713]
 [0.10790738]
 [0.09874184]
 [0.0872874 ]
 [0.04216787]
 [0.03769039]
 [0.03849363]
 [0.04591271]
 [0.0473588 ]
 [0.05456705]
 [0.06581963]
 [0.08245009]
 [0.09597295]
 [0.10218743]
 [0.14422398]
 [0.24509122]
 [0.29234202]
 [0.2590506 ]
 [0.33193769]
 [0.30177873]
 [0.25090046]
 [0.24825509]
 [0.24314164]
 [0.1827397 ]
 [0.14088342]
 [0.10782494]
 [0.10263489]
 [0.09402306]
 [0.03601757]
 [0.03720234]
 [0.04957085]
 [0.08258357]
 [0.03810933]
 [0.04245973]
 [0.04725932]
 [0.05275153]
 [0.0599966 ]
 [0.07303459]
 [0.11588305]
 [0.28189763]
 [0.3465706 ]
 [0.38191111]
 [0.38281255]
 [0.41377455]
 [0.29998627]
 [0.23088859]
 [0.15255983]
 [0.18713495]
 [0.11942542]
 [0.11904598]
 [0.1092682 ]
 [0.09965833]
 [0.08316311]
 [0.01674119]
 [0.00524725]
 [0.00707361]
 [0.01369607]
 [0.01047085]
 [0.01195021]
 [0.01591365]
 [0.02687871]
 [0.03925951]
 [0.04076232]
 [0.0705347 ]
 [0.13576265]
 [0.35061477]
 [0.26997887]
 [0.32001895]
 [0.17915654]
 [0.18080101]
 [0.14497787]
 [0.08252266]
 [0.07316029]
 [0.05816973]
 [0.05482184]
 [0.0350181 ]
 [0.03582303]]"
LinearRegression,"LinearRegression(copy_X=True, fit_intercept=True, n_jobs=None, normalize=False)",{},0.011160216953986809,"[[0.14652084]
 [0.19277194]
 [0.34413798]
 [0.3087191 ]
 [0.310344  ]
 [0.27405933]
 [0.20246038]
 [0.18193432]
 [0.10781225]
 [0.13259676]
 [0.10397915]
 [0.07500309]
 [0.06168829]
 [0.03653176]
 [0.04445833]
 [0.02499266]
 [0.02310509]
 [0.02530775]
 [0.02953995]
 [0.03919274]
 [0.03830257]
 [0.05752116]
 [0.12146815]
 [0.28520495]
 [0.66548617]
 [0.82129786]
 [0.78565912]
 [0.62331406]
 [0.37237443]
 [0.23638987]
 [0.19544687]
 [0.21974492]
 [0.13336022]
 [0.09394721]
 [0.06415149]
 [0.05878541]
 [0.06709759]
 [0.02291019]
 [0.02211725]
 [0.01742657]
 [0.01927398]
 [0.02373086]
 [0.03948759]
 [0.04738264]
 [0.07750263]
 [0.06413004]
 [0.09495242]
 [0.10990862]
 [0.19486371]
 [0.21416697]
 [0.19421718]
 [0.2352274 ]
 [0.22011462]
 [0.16308619]
 [0.16393337]
 [0.10746797]
 [0.11237198]
 [0.11321916]
 [0.11119682]
 [0.10602261]
 [0.10391808]
 [0.07989061]
 [0.08188813]
 [0.08104095]
 [0.03484247]
 [0.03878281]
 [0.04547168]
 [0.0515858 ]
 [0.04030964]
 [0.03946247]
 [0.04189633]
 [0.05840207]
 [0.07359687]
 [0.06621292]
 [0.10327915]
 [0.16544887]
 [0.16916068]
 [0.18175649]
 [0.22396362]
 [0.15794834]
 [0.16350325]
 [0.12818119]
 [0.10056363]
 [0.09105739]
 [0.10222256]
 [0.0948606 ]
 [0.08185631]
 [0.09774616]
 [0.08152345]
 [0.08237063]
 [0.03899845]
 [0.04695683]
 [0.04780401]
 [0.04086329]
 [0.04586157]
 [0.04195894]
 [0.04280611]
 [0.04442795]
 [0.05915486]
 [0.05569694]
 [0.0720554 ]
 [0.06859748]
 [0.06805367]
 [0.07323015]
 [0.07668807]
 [0.09431078]
 [0.16343131]
 [0.19333279]
 [0.22430775]
 [0.36376488]
 [0.20375763]
 [0.16779077]
 [0.16646958]
 [0.13296825]
 [0.13270853]
 [0.15377774]
 [0.1125926 ]
 [0.09349455]
 [0.08141519]
 [0.03713538]
 [0.04033834]
 [0.03809875]
 [0.04084395]
 [0.04258463]
 [0.06613081]
 [0.10886726]
 [0.08574845]
 [0.09393897]
 [0.30524342]
 [0.28152084]
 [0.16790279]
 [0.19842497]
 [0.19705685]
 [0.19427725]
 [0.1965653 ]
 [0.1902227 ]
 [0.42336087]
 [0.40620975]
 [0.13191263]
 [0.11375559]
 [0.11260777]
 [0.1435696 ]
 [0.12457895]
 [0.05074541]
 [0.04492779]
 [0.05913749]
 [0.03301013]
 [0.0326076 ]
 [0.03652866]
 [0.03764589]
 [0.04459726]
 [0.05860398]
 [0.06623755]
 [0.11528135]
 [0.12956955]
 [0.24068042]
 [0.36609573]
 [0.32041401]
 [0.34517668]
 [0.30161076]
 [0.2946863 ]
 [0.21967386]
 [0.14845862]
 [0.15727956]
 [0.1498289 ]
 [0.13139217]
 [0.14063621]
 [0.10871737]
 [0.0527446 ]
 [0.03904131]
 [0.01486768]
 [0.02066806]
 [0.01437353]
 [0.01823256]
 [0.01480397]
 [0.01768079]
 [0.03804122]
 [0.06634193]
 [0.05032574]
 [0.04602065]
 [0.09793928]
 [0.17118233]
 [0.23997225]
 [0.1647418 ]
 [0.16140249]
 [0.1333047 ]
 [0.12058616]
 [0.08824648]
 [0.07437529]
 [0.05500332]
 [0.04974452]
 [0.04804583]
 [0.04277448]
 [0.03749545]
 [0.02735794]
 [0.01803393]
 [0.02353348]
 [0.02457761]
 [0.02992248]
 [0.04621652]
 [0.06796561]
 [0.09822616]
 [0.15571855]
 [0.22341301]
 [0.20467668]
 [0.23275123]
 [0.23211851]
 [0.16624086]
 [0.25059779]
 [0.13673249]
 [0.18533635]
 [0.12061429]
 [0.15826897]
 [0.11785076]
 [0.07119016]
 [0.07840517]
 [0.08717158]
 [0.02867498]
 [0.02998109]
 [0.02901884]
 [0.03045978]
 [0.03328584]
 [0.03699735]
 [0.05769762]
 [0.06676304]
 [0.08920421]
 [0.09911364]
 [0.15201534]
 [0.22198408]
 [0.22276483]
 [0.20925501]
 [0.20837075]
 [0.17372321]
 [0.22156753]
 [0.14129907]
 [0.13054379]
 [0.14040274]
 [0.12781351]
 [0.12384663]
 [0.07714818]
 [0.07259817]
 [0.04029655]
 [0.03473708]
 [0.03311234]
 [0.03305109]
 [0.03051617]
 [0.03413722]
 [0.06575682]
 [0.0576001 ]
 [0.07477171]
 [0.11086368]
 [0.13153411]
 [0.29229018]
 [0.21757848]
 [0.36454703]
 [0.34595127]
 [0.20265721]
 [0.24201526]
 [0.14003103]
 [0.14729389]
 [0.12287925]
 [0.09921875]
 [0.09228986]
 [0.12268479]
 [0.10933774]
 [0.07989413]
 [0.06726258]
 [0.04754752]
 [0.04231298]
 [0.04137765]
 [0.04736102]
 [0.04388596]
 [0.06173842]
 [0.07831554]
 [0.11084896]
 [0.09478663]
 [0.13219886]
 [0.11302537]
 [0.13152972]
 [0.14521357]
 [0.18076734]
 [0.20040252]
 [0.18088608]
 [0.14454735]
 [0.12220105]
 [0.12034811]
 [0.11041542]
 [0.09762631]
 [0.09957385]
 [0.08352309]
 [0.05025975]
 [0.04717852]
 [0.05568847]
 [0.05483361]
 [0.05278528]
 [0.05954297]
 [0.09223964]
 [0.0952751 ]
 [0.0996431 ]
 [0.1097654 ]
 [0.1436985 ]
 [0.24002819]
 [0.22080002]
 [0.20614271]
 [0.1890661 ]
 [0.25795191]
 [0.20817432]
 [0.2270916 ]
 [0.18739298]
 [0.15454167]
 [0.15835888]
 [0.1796285 ]
 [0.1426853 ]
 [0.11009464]
 [0.07184475]
 [0.03141299]
 [0.03722313]
 [0.03577694]
 [0.03700917]
 [0.04373112]
 [0.05129162]
 [0.04874785]
 [0.06789362]
 [0.0873796 ]
 [0.15940497]
 [0.3160819 ]
 [0.357417  ]
 [0.47884959]
 [0.42985817]
 [0.35798465]
 [0.32885445]
 [0.24256767]
 [0.21143584]
 [0.16788916]
 [0.15708384]
 [0.132857  ]
 [0.1274791 ]
 [0.1130003 ]
 [0.04965583]
 [0.01643069]
 [0.02009777]
 [0.00777629]
 [0.00437952]
 [0.00574538]
 [0.00866949]
 [0.01588971]
 [0.02092701]
 [0.07799788]
 [0.07405727]
 [0.13688001]
 [0.26875519]
 [0.24393172]
 [0.26054134]
 [0.2546717 ]
 [0.22232036]
 [0.17014406]
 [0.08543784]
 [0.11757894]
 [0.08825832]
 [0.05535891]
 [0.05424702]
 [0.04584591]
 [0.01964427]
 [0.01122384]
 [0.01475045]
 [0.01638855]
 [0.01680155]
 [0.020265  ]
 [0.04100941]
 [0.04873964]
 [0.06768597]
 [0.07047596]
 [0.11267801]
 [0.15592523]
 [0.25507347]
 [0.23922649]
 [0.28504049]
 [0.22571731]
 [0.19401812]
 [0.16133556]
 [0.11621771]
 [0.11849372]
 [0.087521  ]
 [0.07828264]
 [0.06362394]
 [0.05604489]
 [0.02717224]
 [0.02661133]
 [0.02754383]
 [0.02589463]
 [0.02889055]
 [0.03783073]
 [0.05643851]
 [0.06423651]
 [0.08203266]
 [0.09364757]
 [0.12214912]
 [0.20767421]
 [0.25085836]
 [0.29280695]
 [0.29195978]
 [0.2261985 ]
 [0.24820037]
 [0.20705611]
 [0.16606836]
 [0.12718943]
 [0.11293973]
 [0.10881424]
 [0.10966142]
 [0.11361524]
 [0.11446242]
 [0.07229306]
 [0.07314024]
 [0.07410181]
 [0.07494899]
 [0.03488542]
 [0.0357326 ]
 [0.02970661]
 [0.03200565]
 [0.03459246]
 [0.03543964]
 [0.03919178]
 [0.04243151]
 [0.04327868]
 [0.05361593]
 [0.06697331]
 [0.06367893]
 [0.079655  ]
 [0.09537279]
 [0.1439071 ]
 [0.27335357]
 [0.32896115]
 [0.31977994]
 [0.28418592]
 [0.1918298 ]
 [0.17118042]
 [0.20570287]
 [0.15022748]
 [0.11551233]
 [0.14395638]
 [0.11104276]
 [0.08529772]
 [0.04448062]
 [0.03877798]
 [0.03872169]
 [0.04338554]
 [0.04300386]
 [0.04806989]
 [0.0736844 ]
 [0.07341487]
 [0.08446639]
 [0.09765121]
 [0.11339281]
 [0.16911456]
 [0.35161138]
 [0.36499487]
 [0.28770197]
 [0.39007791]
 [0.24219823]
 [0.24483447]
 [0.20751508]
 [0.18915334]
 [0.14070243]
 [0.12721378]
 [0.11083488]
 [0.0855569 ]
 [0.03963223]
 [0.03462994]
 [0.03773978]
 [0.04012748]
 [0.04279424]
 [0.04886662]
 [0.07356637]
 [0.06713732]
 [0.0908147 ]
 [0.10399398]
 [0.18227655]
 [0.36444538]
 [0.36961669]
 [0.32246028]
 [0.32391056]
 [0.34361288]
 [0.20302516]
 [0.20358845]
 [0.19086261]
 [0.26058352]
 [0.12903856]
 [0.12310382]
 [0.11667154]
 [0.12010582]
 [0.03695733]
 [0.03843424]
 [0.03471605]
 [0.03560651]
 [0.04231541]
 [0.03995465]
 [0.06452301]
 [0.0541775 ]
 [0.07017416]
 [0.17874544]
 [0.1561072 ]
 [0.21969477]
 [0.3638549 ]
 [0.34310855]
 [0.47333958]
 [0.32651357]
 [0.29847404]
 [0.28426   ]
 [0.18715033]
 [0.14388437]
 [0.14634557]
 [0.11634655]
 [0.13744248]
 [0.10318874]
 [0.02310499]
 [0.01964774]
 [0.01440801]
 [0.00753072]
 [0.00778442]
 [0.01299405]
 [0.01859709]
 [0.03685527]
 [0.03280631]
 [0.05647392]
 [0.07295939]
 [0.11136479]
 [0.29506773]
 [0.33144997]
 [0.298079  ]
 [0.22065758]
 [0.27839056]
 [0.18924498]
 [0.10125681]
 [0.1075239 ]
 [0.07671677]
 [0.09977852]
 [0.06359154]
 [0.04639329]
 [0.03273123]
 [0.0309869 ]
 [0.02780084]
 [0.03436974]
 [0.03122207]
 [0.04540931]
 [0.04646256]
 [0.05183212]
 [0.0584565 ]
 [0.07170768]
 [0.098184  ]
 [0.17006274]
 [0.23955116]
 [0.30518277]
 [0.23323217]
 [0.24685145]
 [0.17198117]
 [0.1410571 ]
 [0.1037635 ]
 [0.11007506]
 [0.0842277 ]
 [0.08777887]
 [0.07397168]
 [0.07308879]
 [0.03191948]
 [0.0341972 ]
 [0.03332512]
 [0.03247795]
 [0.04852455]
 [0.04767738]
 [0.04610313]
 [0.04211819]
 [0.06178683]
 [0.0580503 ]
 [0.04923506]
 [0.09045337]
 [0.085811  ]
 [0.13331532]
 [0.38265638]
 [0.30769082]
 [0.23821898]
 [0.23982111]
 [0.22073508]
 [0.16483684]
 [0.14643891]
 [0.13430161]
 [0.12306811]
 [0.13122401]
 [0.08401005]
 [0.07554651]
 [0.03392718]
 [0.03566509]
 [0.03633459]
 [0.03734373]
 [0.03868975]
 [0.0413715 ]
 [0.05274381]
 [0.05958952]
 [0.08468797]
 [0.11611763]
 [0.12562988]
 [0.18577659]
 [0.22498898]
 [0.31211971]
 [0.28128214]
 [0.22968587]
 [0.2219429 ]
 [0.13773789]
 [0.11780575]
 [0.14950578]
 [0.12154221]
 [0.11076265]
 [0.09028283]
 [0.08115281]
 [0.04818814]
 [0.0525427 ]
 [0.04046478]
 [0.0468151 ]
 [0.04688916]
 [0.05139778]
 [0.06896449]
 [0.09360399]
 [0.09818354]
 [0.11585613]
 [0.12794864]
 [0.1819179 ]
 [0.21936015]
 [0.23235713]
 [0.39171882]
 [0.40151429]
 [0.28028298]
 [0.20483482]
 [0.13093484]
 [0.17560716]
 [0.10546668]
 [0.10758127]
 [0.098853  ]
 [0.08954291]
 [0.04165675]
 [0.03656447]
 [0.03775167]
 [0.04524713]
 [0.04661828]
 [0.05361994]
 [0.06495955]
 [0.08149505]
 [0.09580272]
 [0.10091285]
 [0.14498724]
 [0.24841857]
 [0.29451274]
 [0.2631724 ]
 [0.34252944]
 [0.30480579]
 [0.25662233]
 [0.2570889 ]
 [0.23997958]
 [0.18934638]
 [0.14130258]
 [0.10679568]
 [0.10228907]
 [0.09385179]
 [0.03561181]
 [0.03670091]
 [0.04900027]
 [0.08108651]
 [0.03774949]
 [0.04206784]
 [0.04689866]
 [0.05442851]
 [0.0616904 ]
 [0.07379283]
 [0.11719721]
 [0.28305377]
 [0.34875624]
 [0.38559326]
 [0.38644044]
 [0.42318641]
 [0.30529836]
 [0.24129493]
 [0.15516679]
 [0.1898361 ]
 [0.12279282]
 [0.12121348]
 [0.10970525]
 [0.09936945]
 [0.08401164]
 [0.01847006]
 [0.00467566]
 [0.00657335]
 [0.01415698]
 [0.00988589]
 [0.01131289]
 [0.01523428]
 [0.02639274]
 [0.04085864]
 [0.0412465 ]
 [0.07024092]
 [0.13886075]
 [0.36289732]
 [0.28173156]
 [0.3318329 ]
 [0.18891548]
 [0.18900446]
 [0.15049792]
 [0.08322008]
 [0.07498921]
 [0.05887211]
 [0.05744737]
 [0.03450513]
 [0.03511522]]"
Lasso,"Lasso(alpha=5.572337202488726e-05, copy_X=True, fit_intercept=True,
      max_iter=1000, normalize=False, positive=False, precompute=False,
      random_state=None, selection='cyclic', tol=0.0001, warm_start=False)",{'alpha': 5.572337202488726e-05},0.01030822746558164,"[[0.14252185]
 [0.1839584 ]
 [0.30930358]
 [0.28360371]
 [0.27736289]
 [0.25876682]
 [0.19488727]
 [0.16771436]
 [0.10623077]
 [0.11835353]
 [0.08767916]
 [0.07510587]
 [0.05711685]
 [0.03755127]
 [0.04285138]
 [0.02602008]
 [0.02415733]
 [0.02629644]
 [0.03101458]
 [0.04050841]
 [0.04063493]
 [0.05921658]
 [0.08834085]
 [0.15624228]
 [0.36852699]
 [0.4681288 ]
 [0.48723808]
 [0.41566284]
 [0.33745498]
 [0.21878022]
 [0.18215485]
 [0.21729373]
 [0.12946768]
 [0.08270632]
 [0.06347262]
 [0.0596289 ]
 [0.06775579]
 [0.0249055 ]
 [0.0232551 ]
 [0.01969647]
 [0.02169098]
 [0.0265649 ]
 [0.04121   ]
 [0.05046107]
 [0.08131602]
 [0.0676144 ]
 [0.09150847]
 [0.10864075]
 [0.18809689]
 [0.21295814]
 [0.19096495]
 [0.22556741]
 [0.21675604]
 [0.15481659]
 [0.15791902]
 [0.10227247]
 [0.10103885]
 [0.10414128]
 [0.10421154]
 [0.09396052]
 [0.09661757]
 [0.07879702]
 [0.08056713]
 [0.0774647 ]
 [0.03683634]
 [0.04127697]
 [0.04426819]
 [0.05013896]
 [0.04292994]
 [0.03982751]
 [0.04452787]
 [0.06181732]
 [0.07643371]
 [0.07004925]
 [0.1070803 ]
 [0.15780266]
 [0.16125592]
 [0.16353232]
 [0.20087987]
 [0.16267663]
 [0.15372065]
 [0.12143234]
 [0.09487843]
 [0.08808847]
 [0.09892713]
 [0.09345942]
 [0.08432536]
 [0.10125732]
 [0.07842017]
 [0.0815226 ]
 [0.04129247]
 [0.0431736 ]
 [0.04627603]
 [0.04303807]
 [0.04793369]
 [0.04159336]
 [0.04469579]
 [0.04752334]
 [0.06002297]
 [0.05741388]
 [0.07402793]
 [0.07141883]
 [0.07085148]
 [0.07183425]
 [0.07444335]
 [0.09562003]
 [0.16259229]
 [0.180009  ]
 [0.19978287]
 [0.32834986]
 [0.18070034]
 [0.15157711]
 [0.14223629]
 [0.11685369]
 [0.11830945]
 [0.13725173]
 [0.10174528]
 [0.09290679]
 [0.07763287]
 [0.03797189]
 [0.04206606]
 [0.03948803]
 [0.04228793]
 [0.04440091]
 [0.0645659 ]
 [0.09332545]
 [0.08464147]
 [0.08276908]
 [0.26706777]
 [0.23899483]
 [0.16786129]
 [0.1684905 ]
 [0.18411649]
 [0.18579023]
 [0.19780929]
 [0.17784739]
 [0.26018329]
 [0.24488955]
 [0.12762527]
 [0.11236975]
 [0.09891889]
 [0.11996895]
 [0.10678058]
 [0.04478142]
 [0.04066231]
 [0.06195023]
 [0.03102958]
 [0.03071927]
 [0.03741806]
 [0.03886098]
 [0.0461015 ]
 [0.06027051]
 [0.06402292]
 [0.1074656 ]
 [0.11546062]
 [0.21917061]
 [0.35423647]
 [0.30386281]
 [0.34097679]
 [0.28697683]
 [0.26788278]
 [0.20022616]
 [0.13733572]
 [0.13236558]
 [0.13715933]
 [0.11116897]
 [0.11833315]
 [0.09542675]
 [0.03005841]
 [0.03324422]
 [0.01947173]
 [0.02299456]
 [0.01711099]
 [0.02106434]
 [0.01768021]
 [0.02056286]
 [0.04001046]
 [0.06117072]
 [0.05146613]
 [0.0457546 ]
 [0.08844534]
 [0.16618962]
 [0.21604897]
 [0.1622478 ]
 [0.15835485]
 [0.13142833]
 [0.11549394]
 [0.09199652]
 [0.07588339]
 [0.05680871]
 [0.05154241]
 [0.05067435]
 [0.04524341]
 [0.03546889]
 [0.02679603]
 [0.01983262]
 [0.02525947]
 [0.02725488]
 [0.032391  ]
 [0.05101234]
 [0.07358002]
 [0.10432433]
 [0.13464022]
 [0.18717692]
 [0.17630691]
 [0.19972795]
 [0.22157234]
 [0.17018194]
 [0.22109511]
 [0.1345832 ]
 [0.15859728]
 [0.10851015]
 [0.15690451]
 [0.10841265]
 [0.07456522]
 [0.07840279]
 [0.09192061]
 [0.03110107]
 [0.03236493]
 [0.03160054]
 [0.03301311]
 [0.03587003]
 [0.03935838]
 [0.05945445]
 [0.0712581 ]
 [0.08445664]
 [0.09527119]
 [0.15166581]
 [0.18306453]
 [0.219928  ]
 [0.2028336 ]
 [0.1810475 ]
 [0.16202752]
 [0.20807934]
 [0.14340804]
 [0.13102708]
 [0.12816174]
 [0.12438407]
 [0.12056669]
 [0.07998365]
 [0.07569242]
 [0.0424001 ]
 [0.03506089]
 [0.03461753]
 [0.0347061 ]
 [0.03260126]
 [0.03724562]
 [0.06862211]
 [0.06012101]
 [0.08003025]
 [0.10402178]
 [0.11940337]
 [0.26567983]
 [0.2028804 ]
 [0.33736497]
 [0.32353636]
 [0.19661223]
 [0.23389823]
 [0.12966316]
 [0.13416062]
 [0.11385645]
 [0.09352599]
 [0.08876868]
 [0.08566625]
 [0.09281115]
 [0.0829693 ]
 [0.0529238 ]
 [0.04889088]
 [0.04520143]
 [0.04401074]
 [0.04711683]
 [0.04714504]
 [0.06372146]
 [0.0826925 ]
 [0.10879581]
 [0.09007628]
 [0.11850489]
 [0.11093345]
 [0.12345098]
 [0.13839597]
 [0.17133328]
 [0.17769412]
 [0.15785078]
 [0.14550285]
 [0.12120696]
 [0.11173524]
 [0.10449351]
 [0.09590746]
 [0.09559253]
 [0.08510689]
 [0.05058292]
 [0.04846398]
 [0.05073205]
 [0.05274546]
 [0.05127799]
 [0.05849368]
 [0.09174876]
 [0.09315392]
 [0.10017615]
 [0.10242008]
 [0.13239243]
 [0.22841029]
 [0.21404166]
 [0.18978661]
 [0.17669575]
 [0.25034634]
 [0.19241867]
 [0.19924883]
 [0.16350103]
 [0.14241463]
 [0.14116762]
 [0.15762108]
 [0.12548231]
 [0.11144262]
 [0.05739608]
 [0.03243638]
 [0.03673143]
 [0.03311259]
 [0.03727848]
 [0.04403888]
 [0.05158817]
 [0.04969512]
 [0.06543806]
 [0.08773843]
 [0.13830166]
 [0.26438848]
 [0.33862151]
 [0.436689  ]
 [0.39637569]
 [0.33709717]
 [0.30040926]
 [0.23322988]
 [0.18930438]
 [0.15484951]
 [0.14101443]
 [0.12899101]
 [0.12090797]
 [0.11304388]
 [0.04581801]
 [0.01323916]
 [0.02089157]
 [0.00863025]
 [0.00726935]
 [0.0075483 ]
 [0.01059666]
 [0.01743424]
 [0.02327898]
 [0.07575125]
 [0.07184901]
 [0.12485374]
 [0.25244289]
 [0.22696215]
 [0.25396001]
 [0.23826158]
 [0.21339869]
 [0.16999023]
 [0.08426461]
 [0.10655227]
 [0.07895777]
 [0.05371495]
 [0.05011109]
 [0.04187393]
 [0.01815474]
 [0.0129982 ]
 [0.01518565]
 [0.01937601]
 [0.01967239]
 [0.02331558]
 [0.04436527]
 [0.05328006]
 [0.07637737]
 [0.07448949]
 [0.11460644]
 [0.15194905]
 [0.24434213]
 [0.23610316]
 [0.27623994]
 [0.22064898]
 [0.19531748]
 [0.16691092]
 [0.12145361]
 [0.12619715]
 [0.09290168]
 [0.08218745]
 [0.06772903]
 [0.05959744]
 [0.0306132 ]
 [0.02690814]
 [0.03037362]
 [0.02908069]
 [0.03207035]
 [0.04092883]
 [0.05991559]
 [0.06475445]
 [0.0801191 ]
 [0.09073238]
 [0.11892507]
 [0.20277805]
 [0.24358763]
 [0.27029067]
 [0.26718824]
 [0.20783622]
 [0.22825136]
 [0.19024286]
 [0.156408  ]
 [0.13089434]
 [0.11105167]
 [0.10399843]
 [0.10710086]
 [0.1133835 ]
 [0.11648593]
 [0.0734498 ]
 [0.07655223]
 [0.07595906]
 [0.07906149]
 [0.03456472]
 [0.03766715]
 [0.03198749]
 [0.0343835 ]
 [0.03493128]
 [0.03803371]
 [0.04166251]
 [0.04287332]
 [0.04597575]
 [0.05661882]
 [0.06950518]
 [0.06523421]
 [0.08274737]
 [0.09813515]
 [0.14591402]
 [0.25164527]
 [0.29776959]
 [0.27814288]
 [0.26626106]
 [0.17757114]
 [0.16849162]
 [0.19791265]
 [0.1308906 ]
 [0.11908458]
 [0.10971396]
 [0.10783175]
 [0.08659331]
 [0.04536321]
 [0.04002569]
 [0.04306215]
 [0.04498094]
 [0.04474637]
 [0.05003392]
 [0.07610811]
 [0.07480286]
 [0.08886284]
 [0.10250042]
 [0.11137776]
 [0.16284446]
 [0.31922858]
 [0.33476277]
 [0.25727733]
 [0.33161741]
 [0.20672855]
 [0.18526712]
 [0.16960764]
 [0.14526669]
 [0.11840027]
 [0.11219966]
 [0.11047953]
 [0.08719798]
 [0.04076732]
 [0.03602577]
 [0.03878952]
 [0.04064447]
 [0.04352933]
 [0.05034585]
 [0.07554384]
 [0.0690453 ]
 [0.09390193]
 [0.10487392]
 [0.16798352]
 [0.31459173]
 [0.32519288]
 [0.28903398]
 [0.28971102]
 [0.32093084]
 [0.19835729]
 [0.2012822 ]
 [0.17810941]
 [0.2465362 ]
 [0.11803814]
 [0.11485085]
 [0.11770226]
 [0.11929381]
 [0.03727722]
 [0.03895981]
 [0.03635738]
 [0.03717917]
 [0.04334082]
 [0.0412515 ]
 [0.06804385]
 [0.05293054]
 [0.07097335]
 [0.16827377]
 [0.14896417]
 [0.19693583]
 [0.31190013]
 [0.32203952]
 [0.39927437]
 [0.30092909]
 [0.26349697]
 [0.24746129]
 [0.182215  ]
 [0.1366797 ]
 [0.1405948 ]
 [0.10807729]
 [0.12399651]
 [0.10065061]
 [0.01927923]
 [0.01960031]
 [0.01428406]
 [0.01010739]
 [0.01043172]
 [0.01544243]
 [0.02119587]
 [0.03033718]
 [0.03467011]
 [0.0579917 ]
 [0.0752485 ]
 [0.1071121 ]
 [0.25888701]
 [0.29162305]
 [0.27346928]
 [0.21379747]
 [0.26279215]
 [0.18748622]
 [0.10519811]
 [0.10726722]
 [0.07810618]
 [0.09977771]
 [0.06573919]
 [0.04938197]
 [0.03492577]
 [0.03284283]
 [0.03108708]
 [0.03803529]
 [0.03450705]
 [0.04915193]
 [0.0493027 ]
 [0.05570499]
 [0.06135006]
 [0.07580633]
 [0.09736565]
 [0.15381564]
 [0.22540884]
 [0.2423768 ]
 [0.22835524]
 [0.23105304]
 [0.16768084]
 [0.13210373]
 [0.10428571]
 [0.10901535]
 [0.08718493]
 [0.08982532]
 [0.07592377]
 [0.07509331]
 [0.03432679]
 [0.03572186]
 [0.03603743]
 [0.03293501]
 [0.04679762]
 [0.04369519]
 [0.04456971]
 [0.04467716]
 [0.06109024]
 [0.06010965]
 [0.05165358]
 [0.08455766]
 [0.08608949]
 [0.13867613]
 [0.37614293]
 [0.29551752]
 [0.24219285]
 [0.23698151]
 [0.21815585]
 [0.15887799]
 [0.14687998]
 [0.13225398]
 [0.12339054]
 [0.12264794]
 [0.08492534]
 [0.07681094]
 [0.03427793]
 [0.03617198]
 [0.03712518]
 [0.03790755]
 [0.0398568 ]
 [0.04279181]
 [0.05325147]
 [0.06257226]
 [0.08421846]
 [0.10941353]
 [0.12670182]
 [0.17498138]
 [0.21371088]
 [0.28764662]
 [0.26826506]
 [0.22174655]
 [0.21499797]
 [0.13565763]
 [0.11573727]
 [0.13262194]
 [0.12435565]
 [0.10305515]
 [0.08949022]
 [0.08339193]
 [0.04869136]
 [0.05307465]
 [0.04095755]
 [0.04782188]
 [0.04755861]
 [0.05308665]
 [0.06988683]
 [0.09579121]
 [0.08742938]
 [0.10301482]
 [0.12344228]
 [0.17047407]
 [0.21461909]
 [0.21837976]
 [0.36927245]
 [0.35708944]
 [0.25961478]
 [0.17987453]
 [0.11921536]
 [0.16042698]
 [0.10222723]
 [0.10686168]
 [0.09666671]
 [0.08146242]
 [0.04139417]
 [0.03852077]
 [0.0386747 ]
 [0.04578921]
 [0.04748784]
 [0.05535968]
 [0.06611371]
 [0.08274489]
 [0.09461273]
 [0.10378405]
 [0.13820988]
 [0.23197057]
 [0.28342178]
 [0.2472062 ]
 [0.30186241]
 [0.29556917]
 [0.23587425]
 [0.23011344]
 [0.24753586]
 [0.16807505]
 [0.13693734]
 [0.10818927]
 [0.10093747]
 [0.09299283]
 [0.03602017]
 [0.03707302]
 [0.04940662]
 [0.08481512]
 [0.03767191]
 [0.04188531]
 [0.04670378]
 [0.04847997]
 [0.05631725]
 [0.070911  ]
 [0.11091593]
 [0.27037036]
 [0.33797429]
 [0.3584367 ]
 [0.36153913]
 [0.36841172]
 [0.28040548]
 [0.20577198]
 [0.14183546]
 [0.17665575]
 [0.11387801]
 [0.11250473]
 [0.10436241]
 [0.09993798]
 [0.08090682]
 [0.01379991]
 [0.00651592]
 [0.00842426]
 [0.01304578]
 [0.01159569]
 [0.01315825]
 [0.01718016]
 [0.02785801]
 [0.03591239]
 [0.03908656]
 [0.06733307]
 [0.12624899]
 [0.32076893]
 [0.23695137]
 [0.28610896]
 [0.15663062]
 [0.1576118 ]
 [0.12496232]
 [0.07462008]
 [0.06752887]
 [0.05524485]
 [0.04804622]
 [0.03590028]
 [0.03715958]]"
Ridge,"Ridge(alpha=0.0357892225549113, copy_X=True, fit_intercept=True, max_iter=None,
      normalize=False, random_state=None, solver='auto', tol=0.001)",{'alpha': 0.0357892225549113},0.011075060832858977,"[[0.14667017]
 [0.19262334]
 [0.34288255]
 [0.30780758]
 [0.30906787]
 [0.27360205]
 [0.20238386]
 [0.18150578]
 [0.10785956]
 [0.13200075]
 [0.10325493]
 [0.07508464]
 [0.06145218]
 [0.03666955]
 [0.04443015]
 [0.02511647]
 [0.02320699]
 [0.0254002 ]
 [0.02965736]
 [0.0393047 ]
 [0.03845746]
 [0.05766197]
 [0.11982146]
 [0.2785583 ]
 [0.65042004]
 [0.80303947]
 [0.77057523]
 [0.61307988]
 [0.3711828 ]
 [0.23554071]
 [0.19505674]
 [0.21993951]
 [0.13324232]
 [0.09342502]
 [0.06414974]
 [0.05889234]
 [0.06720362]
 [0.02302868]
 [0.02222145]
 [0.01753964]
 [0.0193718 ]
 [0.02386391]
 [0.03960389]
 [0.04752818]
 [0.07772843]
 [0.06432687]
 [0.09482757]
 [0.10994302]
 [0.19477493]
 [0.21428044]
 [0.19440525]
 [0.23514327]
 [0.22028501]
 [0.16278601]
 [0.1636388 ]
 [0.10717142]
 [0.11206335]
 [0.11291614]
 [0.11105068]
 [0.10618726]
 [0.10372176]
 [0.08001629]
 [0.08202266]
 [0.08116987]
 [0.03496518]
 [0.03891432]
 [0.04559414]
 [0.05169723]
 [0.0404345 ]
 [0.03958171]
 [0.04203584]
 [0.05857633]
 [0.07381284]
 [0.06634817]
 [0.10356702]
 [0.16516011]
 [0.16896987]
 [0.1810514 ]
 [0.22327219]
 [0.15834407]
 [0.16320206]
 [0.12798804]
 [0.10038758]
 [0.09091628]
 [0.10211341]
 [0.09488349]
 [0.08201457]
 [0.09797129]
 [0.08149703]
 [0.08234982]
 [0.03911209]
 [0.04706842]
 [0.04792121]
 [0.04098452]
 [0.04598574]
 [0.04206352]
 [0.04291631]
 [0.04458347]
 [0.05926354]
 [0.05581268]
 [0.07220138]
 [0.06875052]
 [0.0682091 ]
 [0.07318421]
 [0.07663507]
 [0.09441871]
 [0.16334528]
 [0.19297117]
 [0.22322214]
 [0.36220324]
 [0.20267458]
 [0.16718566]
 [0.16543237]
 [0.1321698 ]
 [0.13211432]
 [0.15324008]
 [0.11229931]
 [0.09350928]
 [0.08123397]
 [0.03722697]
 [0.04046872]
 [0.03820017]
 [0.04096552]
 [0.04270903]
 [0.06625441]
 [0.10897491]
 [0.08586739]
 [0.0935571 ]
 [0.30343658]
 [0.27942765]
 [0.16789552]
 [0.19700968]
 [0.19663844]
 [0.1939664 ]
 [0.19665189]
 [0.19003747]
 [0.41512141]
 [0.39789403]
 [0.13180031]
 [0.11377688]
 [0.11195375]
 [0.14244594]
 [0.12372774]
 [0.05047839]
 [0.04469133]
 [0.05927921]
 [0.0329303 ]
 [0.03251138]
 [0.03659148]
 [0.03770524]
 [0.04466571]
 [0.05868147]
 [0.06614649]
 [0.11521763]
 [0.12900818]
 [0.2397873 ]
 [0.36590165]
 [0.32023709]
 [0.34550201]
 [0.30102687]
 [0.29353972]
 [0.21885957]
 [0.14801027]
 [0.1559831 ]
 [0.14919474]
 [0.13038271]
 [0.13958587]
 [0.10800274]
 [0.05157688]
 [0.03872379]
 [0.01500308]
 [0.02074741]
 [0.01445363]
 [0.01829977]
 [0.01489884]
 [0.01776717]
 [0.03809214]
 [0.06607496]
 [0.05031964]
 [0.046016  ]
 [0.09758308]
 [0.17112146]
 [0.23944852]
 [0.16494026]
 [0.16151898]
 [0.13340752]
 [0.12035325]
 [0.08849985]
 [0.07442466]
 [0.05512246]
 [0.04987626]
 [0.04817447]
 [0.04290859]
 [0.03748754]
 [0.02735062]
 [0.01816487]
 [0.0236668 ]
 [0.02473472]
 [0.03007558]
 [0.04645134]
 [0.06825948]
 [0.09856344]
 [0.15462389]
 [0.22156097]
 [0.20338791]
 [0.23117397]
 [0.2318296 ]
 [0.16658834]
 [0.24976883]
 [0.1367048 ]
 [0.18415435]
 [0.120183  ]
 [0.15841177]
 [0.11748184]
 [0.07141439]
 [0.07846806]
 [0.08742909]
 [0.02882575]
 [0.03013166]
 [0.02917557]
 [0.0306165 ]
 [0.03343476]
 [0.03715027]
 [0.05783772]
 [0.06700038]
 [0.08895792]
 [0.09902759]
 [0.15202829]
 [0.22007576]
 [0.22299601]
 [0.20912611]
 [0.20719485]
 [0.17322473]
 [0.2210421 ]
 [0.14153168]
 [0.13072578]
 [0.13990041]
 [0.12773876]
 [0.12375672]
 [0.07725122]
 [0.0728151 ]
 [0.04045211]
 [0.03472622]
 [0.03323651]
 [0.03318154]
 [0.03062859]
 [0.03426446]
 [0.06590705]
 [0.05777289]
 [0.07500864]
 [0.11057406]
 [0.13097345]
 [0.29190764]
 [0.21716626]
 [0.3640698 ]
 [0.34535863]
 [0.2024845 ]
 [0.24211841]
 [0.13963403]
 [0.14686104]
 [0.12249957]
 [0.09901246]
 [0.09229057]
 [0.12257395]
 [0.1093069 ]
 [0.08002912]
 [0.06734245]
 [0.04766168]
 [0.04243685]
 [0.04149273]
 [0.04732448]
 [0.0440388 ]
 [0.06187597]
 [0.07850942]
 [0.11074029]
 [0.09458449]
 [0.13143822]
 [0.11302059]
 [0.13122094]
 [0.145008  ]
 [0.18042028]
 [0.19955017]
 [0.17990234]
 [0.14477244]
 [0.12228524]
 [0.11993099]
 [0.1101309 ]
 [0.09762054]
 [0.09941539]
 [0.08365573]
 [0.05028367]
 [0.04729398]
 [0.05549026]
 [0.05479902]
 [0.05276419]
 [0.05952486]
 [0.09224129]
 [0.095265  ]
 [0.09972545]
 [0.10939737]
 [0.1433735 ]
 [0.23971624]
 [0.22074498]
 [0.20551978]
 [0.18866786]
 [0.25766486]
 [0.20753607]
 [0.22587942]
 [0.18641863]
 [0.15403792]
 [0.15778271]
 [0.17846714]
 [0.14194084]
 [0.11032971]
 [0.0711597 ]
 [0.03149245]
 [0.03727189]
 [0.03568626]
 [0.03706778]
 [0.04377748]
 [0.05133875]
 [0.0488169 ]
 [0.06780244]
 [0.08746245]
 [0.15848283]
 [0.31378011]
 [0.35684049]
 [0.47741185]
 [0.42909579]
 [0.35752852]
 [0.32803946]
 [0.24269418]
 [0.21047745]
 [0.16743041]
 [0.15643367]
 [0.13282207]
 [0.12715797]
 [0.11299338]
 [0.04946966]
 [0.01628301]
 [0.02022089]
 [0.00787661]
 [0.00450992]
 [0.00583611]
 [0.00876231]
 [0.01597781]
 [0.02102747]
 [0.07789111]
 [0.0740068 ]
 [0.13659788]
 [0.26820366]
 [0.24344835]
 [0.26052642]
 [0.25427794]
 [0.22213935]
 [0.17021919]
 [0.08534379]
 [0.11712048]
 [0.08797678]
 [0.05533481]
 [0.0540421 ]
 [0.045638  ]
 [0.01963332]
 [0.01135306]
 [0.01472928]
 [0.01653841]
 [0.01694452]
 [0.02041081]
 [0.04120339]
 [0.04897713]
 [0.06805105]
 [0.07068294]
 [0.11286512]
 [0.15614196]
 [0.25526499]
 [0.23963092]
 [0.28556877]
 [0.22604995]
 [0.19426051]
 [0.16172342]
 [0.11648057]
 [0.11885162]
 [0.08775487]
 [0.07846562]
 [0.06381317]
 [0.05620434]
 [0.02733374]
 [0.02660307]
 [0.02768201]
 [0.02603928]
 [0.02903904]
 [0.03797728]
 [0.05663453]
 [0.06429313]
 [0.0819459 ]
 [0.09357677]
 [0.1220669 ]
 [0.2077785 ]
 [0.25085564]
 [0.29222764]
 [0.29137485]
 [0.22601092]
 [0.24785443]
 [0.20669165]
 [0.16566102]
 [0.12752335]
 [0.11304919]
 [0.10870492]
 [0.10955771]
 [0.11375942]
 [0.11461221]
 [0.07243708]
 [0.07328987]
 [0.07427345]
 [0.07512624]
 [0.03498617]
 [0.03583896]
 [0.02983123]
 [0.03212547]
 [0.03471065]
 [0.03556344]
 [0.03931042]
 [0.04255366]
 [0.04340645]
 [0.05376758]
 [0.06717017]
 [0.06386219]
 [0.07985202]
 [0.09555743]
 [0.14419928]
 [0.27350734]
 [0.32876818]
 [0.31844933]
 [0.2841149 ]
 [0.19132206]
 [0.17118932]
 [0.20549023]
 [0.14959598]
 [0.11564863]
 [0.14376732]
 [0.11104787]
 [0.08540631]
 [0.04460206]
 [0.03888374]
 [0.03889875]
 [0.04351191]
 [0.04313682]
 [0.0482125 ]
 [0.0738413 ]
 [0.07361592]
 [0.08472267]
 [0.09796989]
 [0.11344921]
 [0.16912214]
 [0.35137183]
 [0.36452101]
 [0.28673819]
 [0.38831844]
 [0.24067183]
 [0.2418704 ]
 [0.20569002]
 [0.18714353]
 [0.13961471]
 [0.12654805]
 [0.11088877]
 [0.08570284]
 [0.03974786]
 [0.03474597]
 [0.03785631]
 [0.04023881]
 [0.04291104]
 [0.04899577]
 [0.07371312]
 [0.06728842]
 [0.09100093]
 [0.10407162]
 [0.18183147]
 [0.36365565]
 [0.36893065]
 [0.32208703]
 [0.32310389]
 [0.34370777]
 [0.20303417]
 [0.20359277]
 [0.1903869 ]
 [0.2599976 ]
 [0.12861334]
 [0.12278646]
 [0.11685717]
 [0.12014625]
 [0.03702603]
 [0.03850756]
 [0.03479185]
 [0.03567086]
 [0.04238208]
 [0.04002054]
 [0.06466925]
 [0.05409084]
 [0.07025991]
 [0.17843222]
 [0.1559851 ]
 [0.2191352 ]
 [0.36206659]
 [0.34253379]
 [0.47125274]
 [0.32590625]
 [0.29699808]
 [0.28266405]
 [0.18711979]
 [0.1436174 ]
 [0.14624561]
 [0.11585007]
 [0.13675277]
 [0.1031333 ]
 [0.02281076]
 [0.01960813]
 [0.01437115]
 [0.00763288]
 [0.00789296]
 [0.01309425]
 [0.01870448]
 [0.03648481]
 [0.03293236]
 [0.05661706]
 [0.07312062]
 [0.11130429]
 [0.2940904 ]
 [0.33027206]
 [0.29723887]
 [0.22056835]
 [0.27778169]
 [0.18961436]
 [0.10154081]
 [0.10773   ]
 [0.07691018]
 [0.09996598]
 [0.0637429 ]
 [0.04653927]
 [0.03289293]
 [0.03113865]
 [0.02795604]
 [0.03453374]
 [0.031378  ]
 [0.04557798]
 [0.04662059]
 [0.05202507]
 [0.05869397]
 [0.0719412 ]
 [0.09819635]
 [0.16957388]
 [0.23924148]
 [0.30387579]
 [0.23337233]
 [0.24625548]
 [0.17200521]
 [0.14072814]
 [0.10393565]
 [0.11026157]
 [0.08440141]
 [0.08794392]
 [0.0741556 ]
 [0.0732477 ]
 [0.03206649]
 [0.03432194]
 [0.03344721]
 [0.03259442]
 [0.04865382]
 [0.04780103]
 [0.04622803]
 [0.04224876]
 [0.06192522]
 [0.05820558]
 [0.04940254]
 [0.09031796]
 [0.08585481]
 [0.13339951]
 [0.38273289]
 [0.30764032]
 [0.23867789]
 [0.2400448 ]
 [0.2208985 ]
 [0.16484343]
 [0.14667844]
 [0.1342251 ]
 [0.12321297]
 [0.13090896]
 [0.08411586]
 [0.07566388]
 [0.03403218]
 [0.03577448]
 [0.03644337]
 [0.03744792]
 [0.03882461]
 [0.04151207]
 [0.05287285]
 [0.05979351]
 [0.08472481]
 [0.11594406]
 [0.12583905]
 [0.18552   ]
 [0.22464792]
 [0.31133922]
 [0.28082618]
 [0.22952508]
 [0.22196667]
 [0.13772062]
 [0.11774755]
 [0.14881797]
 [0.12182802]
 [0.11044797]
 [0.09037944]
 [0.08131109]
 [0.04827494]
 [0.05262816]
 [0.04057845]
 [0.04692579]
 [0.04700271]
 [0.05154484]
 [0.0690813 ]
 [0.09376924]
 [0.09767786]
 [0.11523357]
 [0.12797217]
 [0.18173106]
 [0.2193141 ]
 [0.2322106 ]
 [0.3912472 ]
 [0.40001266]
 [0.27955781]
 [0.20384208]
 [0.13058461]
 [0.17494683]
 [0.10538236]
 [0.10762945]
 [0.09883939]
 [0.08919017]
 [0.04173815]
 [0.03672622]
 [0.03786081]
 [0.04534777]
 [0.04672799]
 [0.05375801]
 [0.06508754]
 [0.08164099]
 [0.09582548]
 [0.10110541]
 [0.14488239]
 [0.24794198]
 [0.29427227]
 [0.26258891]
 [0.34098072]
 [0.30438314]
 [0.25579869]
 [0.25575517]
 [0.2404714 ]
 [0.18833364]
 [0.14123666]
 [0.10695372]
 [0.1023332 ]
 [0.09386837]
 [0.03566515]
 [0.03676762]
 [0.04907906]
 [0.08130062]
 [0.03779465]
 [0.04211737]
 [0.04694454]
 [0.05415966]
 [0.0614213 ]
 [0.07367568]
 [0.11702429]
 [0.28293835]
 [0.34845   ]
 [0.38515886]
 [0.38601165]
 [0.42183006]
 [0.30452411]
 [0.23974062]
 [0.1547784 ]
 [0.18944742]
 [0.12226871]
 [0.12089523]
 [0.10964018]
 [0.09941288]
 [0.08387982]
 [0.01820518]
 [0.00475694]
 [0.00664562]
 [0.01408122]
 [0.00996918]
 [0.01140178]
 [0.015329  ]
 [0.02646444]
 [0.04061145]
 [0.04117027]
 [0.07029845]
 [0.13844139]
 [0.36120899]
 [0.28004168]
 [0.33017339]
 [0.18748216]
 [0.18780262]
 [0.14968031]
 [0.08311824]
 [0.07471234]
 [0.05876707]
 [0.05703866]
 [0.03457708]
 [0.03521308]]"
SVR,"SVR(C=1.0, cache_size=200, coef0=0.0, degree=3, epsilon=0.1,
    gamma='auto_deprecated', kernel='rbf', max_iter=-1, shrinking=True,
    tol=0.001, verbose=False)",{},0.011966576123815218,"[[0.12639751]
 [0.17976005]
 [0.22779886]
 [0.24744341]
 [0.2380314 ]
 [0.22251002]
 [0.18373976]
 [0.15197554]
 [0.13758111]
 [0.12483194]
 [0.1080056 ]
 [0.09948153]
 [0.08881075]
 [0.06733791]
 [0.06841878]
 [0.05871243]
 [0.05835543]
 [0.06082839]
 [0.06706322]
 [0.07588068]
 [0.0782651 ]
 [0.09189136]
 [0.11630641]
 [0.15203152]
 [0.25751607]
 [0.3102405 ]
 [0.33358705]
 [0.30630475]
 [0.29047078]
 [0.20381715]
 [0.1739266 ]
 [0.18423899]
 [0.1381882 ]
 [0.10253328]
 [0.0890229 ]
 [0.08383833]
 [0.08554823]
 [0.05824909]
 [0.05360719]
 [0.05214301]
 [0.04615121]
 [0.06039348]
 [0.07922836]
 [0.0871419 ]
 [0.10215115]
 [0.09718622]
 [0.11533733]
 [0.13238849]
 [0.19630211]
 [0.21023305]
 [0.18719922]
 [0.21240104]
 [0.20872587]
 [0.16085266]
 [0.15627851]
 [0.12400555]
 [0.13521379]
 [0.131331  ]
 [0.12454744]
 [0.13112872]
 [0.12016556]
 [0.10855774]
 [0.10835968]
 [0.12187425]
 [0.06017777]
 [0.05470574]
 [0.06422089]
 [0.07044935]
 [0.06455452]
 [0.07258267]
 [0.07533183]
 [0.07747877]
 [0.1007781 ]
 [0.10647644]
 [0.11889791]
 [0.15834686]
 [0.17724738]
 [0.15744972]
 [0.18277139]
 [0.17976595]
 [0.16731996]
 [0.13815305]
 [0.12853028]
 [0.1127124 ]
 [0.13181881]
 [0.11587646]
 [0.10984969]
 [0.12012629]
 [0.12003552]
 [0.10755666]
 [0.05838096]
 [0.07359959]
 [0.06955164]
 [0.07039232]
 [0.06613938]
 [0.07924926]
 [0.07591623]
 [0.08973722]
 [0.09184939]
 [0.08547205]
 [0.10109152]
 [0.09594702]
 [0.09731089]
 [0.10165233]
 [0.10675153]
 [0.12066973]
 [0.16186732]
 [0.18189062]
 [0.20146809]
 [0.29646868]
 [0.18651428]
 [0.17076424]
 [0.16232305]
 [0.1401698 ]
 [0.13973626]
 [0.17486498]
 [0.150612  ]
 [0.1372615 ]
 [0.10638322]
 [0.08034702]
 [0.0812522 ]
 [0.08394366]
 [0.08360364]
 [0.08719816]
 [0.10734997]
 [0.14426519]
 [0.11849852]
 [0.11531533]
 [0.25738413]
 [0.23055102]
 [0.1873634 ]
 [0.18554939]
 [0.20102534]
 [0.20153269]
 [0.20954009]
 [0.20465061]
 [0.2300876 ]
 [0.21341338]
 [0.15750736]
 [0.14859932]
 [0.13505573]
 [0.14741401]
 [0.13619647]
 [0.0832659 ]
 [0.0813103 ]
 [0.08852982]
 [0.06009011]
 [0.07995145]
 [0.07446496]
 [0.07833607]
 [0.08436268]
 [0.09583385]
 [0.09999393]
 [0.14127289]
 [0.14301342]
 [0.21618031]
 [0.30785486]
 [0.29508271]
 [0.3144779 ]
 [0.26856493]
 [0.25658953]
 [0.20797391]
 [0.17147755]
 [0.15570466]
 [0.15578309]
 [0.14525082]
 [0.15008181]
 [0.13057781]
 [0.05156294]
 [0.04942532]
 [0.05120604]
 [0.05417473]
 [0.05180024]
 [0.04494549]
 [0.05524534]
 [0.05897427]
 [0.07226117]
 [0.08759554]
 [0.06913362]
 [0.05927649]
 [0.08174054]
 [0.1401191 ]
 [0.16441862]
 [0.15370102]
 [0.15088872]
 [0.13427076]
 [0.12175396]
 [0.10849046]
 [0.09605688]
 [0.08722129]
 [0.08153647]
 [0.07936864]
 [0.07505231]
 [0.06629958]
 [0.06179529]
 [0.05706115]
 [0.06186614]
 [0.06164092]
 [0.07074094]
 [0.08411735]
 [0.09703171]
 [0.1131057 ]
 [0.13293657]
 [0.16210881]
 [0.16641868]
 [0.18058048]
 [0.20138056]
 [0.16992938]
 [0.19474491]
 [0.14731197]
 [0.1648504 ]
 [0.13001704]
 [0.15180288]
 [0.11819379]
 [0.09893099]
 [0.09904411]
 [0.10522931]
 [0.06289243]
 [0.06487328]
 [0.06502202]
 [0.06702171]
 [0.07173671]
 [0.07962447]
 [0.09071813]
 [0.10258604]
 [0.11041673]
 [0.12162914]
 [0.16121552]
 [0.18525709]
 [0.21295176]
 [0.19863542]
 [0.18331964]
 [0.17052168]
 [0.2029314 ]
 [0.15592773]
 [0.14291299]
 [0.15143147]
 [0.14659543]
 [0.13943766]
 [0.11206714]
 [0.11062206]
 [0.08179686]
 [0.05702102]
 [0.07469706]
 [0.07597089]
 [0.0703606 ]
 [0.07260231]
 [0.10475656]
 [0.10215128]
 [0.11375883]
 [0.1294099 ]
 [0.14280099]
 [0.22904754]
 [0.20358785]
 [0.3073467 ]
 [0.28932451]
 [0.19607986]
 [0.22974568]
 [0.15159484]
 [0.14873647]
 [0.14043851]
 [0.12892925]
 [0.12302669]
 [0.12369707]
 [0.13918808]
 [0.11425312]
 [0.08783748]
 [0.07251004]
 [0.06984837]
 [0.07122112]
 [0.07491261]
 [0.09160135]
 [0.10568381]
 [0.12045565]
 [0.13865952]
 [0.12857984]
 [0.13885935]
 [0.1389596 ]
 [0.1464405 ]
 [0.16442028]
 [0.18605782]
 [0.1857972 ]
 [0.17926209]
 [0.17154504]
 [0.1493306 ]
 [0.14065949]
 [0.13016992]
 [0.12552916]
 [0.12125505]
 [0.11453892]
 [0.08681535]
 [0.08678555]
 [0.08770405]
 [0.09149264]
 [0.08970665]
 [0.09845476]
 [0.12378058]
 [0.12428507]
 [0.13243787]
 [0.13086301]
 [0.15958853]
 [0.22041367]
 [0.2114758 ]
 [0.19702625]
 [0.19548732]
 [0.23967419]
 [0.19915684]
 [0.19713978]
 [0.17911967]
 [0.16356013]
 [0.16183694]
 [0.17276043]
 [0.15088019]
 [0.13660761]
 [0.08536973]
 [0.07065326]
 [0.06673373]
 [0.06484087]
 [0.07031846]
 [0.07939944]
 [0.08505871]
 [0.08516734]
 [0.09745497]
 [0.12011479]
 [0.1536189 ]
 [0.23485481]
 [0.29679559]
 [0.36682538]
 [0.34928132]
 [0.31226423]
 [0.27750431]
 [0.24019212]
 [0.2001298 ]
 [0.17869714]
 [0.15668915]
 [0.14775501]
 [0.1396308 ]
 [0.13219776]
 [0.04780134]
 [0.03205228]
 [0.03671752]
 [0.03234744]
 [0.03239356]
 [0.04430549]
 [0.04794881]
 [0.05330068]
 [0.05132755]
 [0.08869593]
 [0.08666809]
 [0.12250348]
 [0.21155042]
 [0.18922566]
 [0.20759416]
 [0.19883446]
 [0.17970471]
 [0.15508725]
 [0.10301689]
 [0.11454431]
 [0.09830825]
 [0.07801306]
 [0.06877311]
 [0.06131096]
 [0.05321032]
 [0.05030562]
 [0.02701696]
 [0.05725899]
 [0.05950508]
 [0.06409628]
 [0.07913348]
 [0.08424851]
 [0.10190226]
 [0.10393362]
 [0.13359621]
 [0.15468388]
 [0.21430149]
 [0.21731674]
 [0.24022492]
 [0.20682102]
 [0.18356804]
 [0.16719935]
 [0.13067317]
 [0.13055571]
 [0.11782968]
 [0.11010104]
 [0.10114585]
 [0.09386712]
 [0.06807462]
 [0.06716265]
 [0.071163  ]
 [0.07169471]
 [0.0738636 ]
 [0.0821459 ]
 [0.09495211]
 [0.0944339 ]
 [0.10625588]
 [0.11561917]
 [0.13980242]
 [0.20493283]
 [0.23030427]
 [0.21926473]
 [0.21761822]
 [0.20700314]
 [0.20696427]
 [0.18907889]
 [0.15930717]
 [0.14827169]
 [0.13033491]
 [0.1311394 ]
 [0.12480142]
 [0.13521722]
 [0.12783072]
 [0.11138008]
 [0.10533949]
 [0.11567288]
 [0.10642591]
 [0.0583298 ]
 [0.0573117 ]
 [0.05742208]
 [0.06149857]
 [0.0662431 ]
 [0.06298382]
 [0.0674206 ]
 [0.07550198]
 [0.07188952]
 [0.08045979]
 [0.09632896]
 [0.10639112]
 [0.11860649]
 [0.13147419]
 [0.16161772]
 [0.22698138]
 [0.24663433]
 [0.24943315]
 [0.24636618]
 [0.18460596]
 [0.17815861]
 [0.20125024]
 [0.16146577]
 [0.15201677]
 [0.13893918]
 [0.14482688]
 [0.12774684]
 [0.08298501]
 [0.08223837]
 [0.07160047]
 [0.08892533]
 [0.08993351]
 [0.09493627]
 [0.11391131]
 [0.10965162]
 [0.11778566]
 [0.13077967]
 [0.13893782]
 [0.17472882]
 [0.26842973]
 [0.27537273]
 [0.2384165 ]
 [0.27524748]
 [0.20803001]
 [0.18777945]
 [0.17550564]
 [0.16407278]
 [0.13937543]
 [0.13485345]
 [0.13389534]
 [0.12015923]
 [0.08522924]
 [0.0823437 ]
 [0.0815971 ]
 [0.08395585]
 [0.08742319]
 [0.09858053]
 [0.11873752]
 [0.11245354]
 [0.12938074]
 [0.13959804]
 [0.19176082]
 [0.26134168]
 [0.29682535]
 [0.27253097]
 [0.26745641]
 [0.28211705]
 [0.20405371]
 [0.21236675]
 [0.19375436]
 [0.24530272]
 [0.14473821]
 [0.13930679]
 [0.14562971]
 [0.14418007]
 [0.07441133]
 [0.07742271]
 [0.08081344]
 [0.07305227]
 [0.08722108]
 [0.08909538]
 [0.09047648]
 [0.08535541]
 [0.11559928]
 [0.17278022]
 [0.17433776]
 [0.20995866]
 [0.30539554]
 [0.3094929 ]
 [0.35468203]
 [0.27636618]
 [0.2366343 ]
 [0.2318009 ]
 [0.19689395]
 [0.1630013 ]
 [0.15464771]
 [0.13193583]
 [0.13966752]
 [0.1357615 ]
 [0.04382191]
 [0.04659091]
 [0.04387654]
 [0.04393193]
 [0.04516701]
 [0.05212249]
 [0.05740589]
 [0.0632511 ]
 [0.06927129]
 [0.08335409]
 [0.09494636]
 [0.10461131]
 [0.19806746]
 [0.23008047]
 [0.21478773]
 [0.18280702]
 [0.21292248]
 [0.16390759]
 [0.10539002]
 [0.10537226]
 [0.08860545]
 [0.10009985]
 [0.07718119]
 [0.07830567]
 [0.06882666]
 [0.06844293]
 [0.06925234]
 [0.0745746 ]
 [0.07417562]
 [0.06799518]
 [0.08538165]
 [0.08406111]
 [0.09244528]
 [0.09979355]
 [0.1145235 ]
 [0.14734867]
 [0.20616233]
 [0.21249876]
 [0.21466818]
 [0.20390269]
 [0.16501469]
 [0.13986538]
 [0.12990499]
 [0.13469657]
 [0.10950042]
 [0.1105005 ]
 [0.09863078]
 [0.10203601]
 [0.07041856]
 [0.06549244]
 [0.06220444]
 [0.06231763]
 [0.06971294]
 [0.07381173]
 [0.07127949]
 [0.06808671]
 [0.08412209]
 [0.09543475]
 [0.0914097 ]
 [0.10956644]
 [0.11758813]
 [0.1565672 ]
 [0.32534616]
 [0.26503818]
 [0.21962842]
 [0.21917477]
 [0.20211071]
 [0.16429795]
 [0.15251649]
 [0.13653869]
 [0.13219123]
 [0.12929921]
 [0.1093395 ]
 [0.09924969]
 [0.06827196]
 [0.07074164]
 [0.0755338 ]
 [0.07685919]
 [0.07261388]
 [0.07535353]
 [0.08406423]
 [0.09229738]
 [0.10723102]
 [0.12777545]
 [0.13915642]
 [0.18352954]
 [0.20770691]
 [0.25426896]
 [0.24850477]
 [0.21712143]
 [0.20831673]
 [0.15310386]
 [0.13144051]
 [0.14589853]
 [0.13784089]
 [0.12245669]
 [0.11551187]
 [0.10610497]
 [0.07865528]
 [0.08247512]
 [0.07790163]
 [0.08536854]
 [0.08492585]
 [0.08542235]
 [0.09910836]
 [0.1186845 ]
 [0.11332805]
 [0.12966428]
 [0.14200618]
 [0.18534584]
 [0.21896031]
 [0.23016356]
 [0.32848664]
 [0.30508462]
 [0.2520375 ]
 [0.19088214]
 [0.14644951]
 [0.17280295]
 [0.13510955]
 [0.13408778]
 [0.12244815]
 [0.10711944]
 [0.08044914]
 [0.08173539]
 [0.07567584]
 [0.08105023]
 [0.08432298]
 [0.09185   ]
 [0.100922  ]
 [0.11571273]
 [0.12484823]
 [0.13291472]
 [0.16335991]
 [0.23025292]
 [0.27700539]
 [0.24617212]
 [0.27933417]
 [0.28213599]
 [0.22874201]
 [0.22528736]
 [0.22754451]
 [0.18001862]
 [0.15555159]
 [0.14480547]
 [0.13822631]
 [0.12963611]
 [0.07624891]
 [0.07970556]
 [0.08167625]
 [0.10596144]
 [0.07805001]
 [0.08036637]
 [0.08531245]
 [0.08778042]
 [0.10005224]
 [0.11201681]
 [0.14066445]
 [0.24553727]
 [0.29227102]
 [0.28536179]
 [0.3057452 ]
 [0.31041258]
 [0.25164673]
 [0.18320948]
 [0.1584795 ]
 [0.18025594]
 [0.13230222]
 [0.13354223]
 [0.12937376]
 [0.12464254]
 [0.11886407]
 [0.03823495]
 [0.03554174]
 [0.03879761]
 [0.04216166]
 [0.04449831]
 [0.04671143]
 [0.05010872]
 [0.05837481]
 [0.06447664]
 [0.06907276]
 [0.09402263]
 [0.1331868 ]
 [0.25860346]
 [0.21105755]
 [0.24547089]
 [0.1531442 ]
 [0.16008096]
 [0.13805907]
 [0.10789632]
 [0.09995764]
 [0.0804803 ]
 [0.07374831]
 [0.07950905]
 [0.08095886]]"
GRU,,,0.013685289913607606,"DateIndex
2019-06-09 11:00:00    1632.005100
2019-06-09 12:00:00    1275.732300
2019-06-09 13:00:00    1029.743000
2019-06-09 14:00:00     809.364750
2019-06-09 15:00:00     611.729900
2019-06-09 16:00:00     451.328100
2019-06-09 17:00:00     303.145450
2019-06-09 18:00:00     197.448900
2019-06-09 19:00:00     121.734890
2019-06-09 20:00:00      78.529396
2019-06-09 21:00:00      52.095300
2019-06-09 22:00:00      35.451294
2019-06-09 23:00:00      24.892979
2019-06-10 00:00:00      18.556828
2019-06-10 01:00:00      16.260690
2019-06-10 02:00:00      16.921333
2019-06-10 03:00:00      20.648613
2019-06-10 04:00:00      28.823814
2019-06-10 05:00:00      44.290894
2019-06-10 06:00:00      72.528860
2019-06-10 07:00:00     121.571526
2019-06-10 08:00:00     201.178470
2019-06-10 09:00:00     320.107640
2019-06-10 10:00:00     524.431640
2019-06-10 11:00:00    1023.799440
2019-06-10 12:00:00    1847.254600
2019-06-10 13:00:00    2590.878200
2019-06-10 14:00:00    2897.572800
2019-06-10 15:00:00    2761.858200
2019-06-10 16:00:00    2190.267300
                          ...     
2019-07-06 17:00:00     918.357300
2019-07-06 18:00:00     635.657400
2019-07-06 19:00:00     417.670530
2019-07-06 20:00:00     275.096800
2019-07-06 21:00:00     187.294850
2019-07-06 22:00:00     129.964610
2019-07-06 23:00:00      92.529465
2019-07-07 00:00:00      68.747730
2019-07-07 01:00:00      55.718754
2019-07-07 02:00:00      50.995785
2019-07-07 03:00:00      53.108860
2019-07-07 04:00:00      61.782246
2019-07-07 05:00:00      79.517914
2019-07-07 06:00:00     108.115290
2019-07-07 07:00:00     150.867340
2019-07-07 08:00:00     210.361300
2019-07-07 09:00:00     285.707950
2019-07-07 10:00:00     377.097260
2019-07-07 11:00:00     496.161900
2019-07-07 12:00:00     694.420600
2019-07-07 13:00:00     852.776400
2019-07-07 14:00:00     972.729860
2019-07-07 15:00:00     929.592350
2019-07-07 16:00:00     790.144800
2019-07-07 17:00:00     613.042900
2019-07-07 18:00:00     428.409760
2019-07-07 19:00:00     282.362030
2019-07-07 20:00:00     182.232510
2019-07-07 21:00:00     119.673960
2019-07-07 22:00:00      76.395830
Name: Totalt_pred, Length: 708, dtype: float64"
